Día de la Semana (lanzamiento),Director,Género,Película,Día Lanzamiento,Estudio,Venta Ajustada ($mill),Presupuesto ($mill),Venta ($mill),Rating IMDB,Rating MovieLens,Venta Fuera de Estados Unidos ($mill),Venta Fuera de Estados Unidos %,Utilidad ($mill),Utilidad %,Duracion (min),Venta USA ($mill),Venta % USA
Viernes,Brad Bird,acción,Tomorrowland,22-05-15,Buena Vista Studios,202.1,170,202.1,6.7,3.26,111.9,55.4,32.1,18.9,130,90.2,44.6
Viernes,Scott Waugh,acción,Need for Speed,14-03-14,Buena Vista Studios,204.2,66,203.3,6.6,2.97,159.7,78.6,137.3,208,132,43.6,21.4
Viernes,Patrick Hughes,acción,The Expendables 3,15-08-14,Lionsgate,207.1,100,206.2,6.1,2.93,166.9,80.9,106.2,106.2,126,39.3,19.1
Viernes,"Phil Lord, Chris Miller",comedia,21 Jump Street,16-03-12,Sony,208.8,42,201.6,7.2,3.62,63.1,31.3,159.6,380,109,138.4,68.7
Viernes,Roland Emmerich,acción,White House Down,28-06-13,Sony,209.7,150,205.4,8,3.65,132.3,64.4,55.4,36.9,131,73.1,35.6
Viernes,David Ayer,acción,Fury,17-10-14,Sony,212.8,80,211.8,5.8,2.85,126,59.5,131.8,164.8,134,85.8,40.5
Jueves,Rob Marshall,aventura,Into the Woods,25-12-14,Buena Vista Studios,213.9,50,212.9,6,3.16,84.9,39.9,162.9,325.8,125,128,60.1
Viernes,Daniel Espinosa,acción,Safe House,10-02-12,Universal,215.5,85,208.1,6.8,3.45,81.7,39.3,123.1,144.8,115,126.4,60.7
Viernes,Gary Shore,acción,Dracula Untold,10-10-14,Universal,216.5,70,215.5,6.3,2.92,159.2,73.9,145.5,207.9,92,56.3,26.1
Viernes,"Henry Joost, Ariel Schulman",terror,Paranormal Activity 3,21-10-11,Paramount Pictures,218.8,5,207,5.9,2.9,103,49.8,202,4040,84,104,50.2
Viernes,Eric Brevig,animación,Yogi Bear,17-12-10,WB,219.9,80,201.6,4.5,2.17,101.3,50.3,121.6,152,80,100.2,49.7
Viernes,Morten Tyldum,biografía,The Imitation Game,28-11-14,Weinstein Company,221,15,220,8.1,4,128.9,58.6,205,1366.7,114,91.1,41.4
Jueves,Bryan Singer,biografía,Valkyrie,25-12-08,UA Entertainment,221.2,75,200.3,7.1,3.44,117.2,58.5,125.3,167.1,121,83.1,41.5
Viernes,Seth Gordon,comedia,Horrible Bosses,08-07-11,WB/New Line,221.6,37,209.6,6.9,3.37,92.1,43.9,172.6,466.5,98,117.5,56.1
Viernes,Ryan Murphy,drama,Eat Pray Love,13-08-10,Sony,223.1,60,204.6,5.6,2.84,124,60.6,144.6,241,133,80.6,39.4
Viernes,Paul Greengrass,drama,Captain Phillips,11-10-13,Sony,223.4,55,218.8,7.9,3.84,111.7,51,163.8,297.8,134,107.1,49
Viernes,Hayao Miyazaki,animación,Ponyo,14-08-09,Buena Vista Studios,223.7,34,201.8,7.7,3.82,186.7,92.5,167.8,493.5,101,15.1,7.5
Viernes,Jaume Collet-Serra,acción,Non-Stop,28-02-14,Universal,223.8,50,222.8,7,3.4,130.6,58.6,172.8,345.6,106,92.2,41.4
Viernes,Jonathan Liebesman,acción,Battle: Los Angeles,11-03-11,Sony,223.9,70,211.8,7.6,3.65,128.3,60.6,141.8,202.6,116,83.6,39.4
Viernes,Christopher McQuarrie,acción,Jack Reacher,21-12-12,Paramount Pictures,226.1,60,218.3,7,3.46,138.3,63.3,158.3,263.8,130,80.1,36.7
Viernes,Dennis Dugan,comedia,Just Go With It,11-02-11,Sony,227.2,80,214.9,6.4,3.17,111.9,52.1,134.9,168.6,117,103,47.9
Viernes,Robert Luketic,comedia,The Ugly Truth,24-07-09,Sony,227.6,38,205.3,6.5,3.21,116.4,56.7,167.3,440.3,96,88.9,43.3
Viernes,Jake Kasdan,comedia,Bad Teacher,24-06-11,Sony,228.6,19,216.2,5.7,2.96,115.9,53.6,197.2,1037.9,92,100.3,46.4
Miércoles,Tate Taylor,drama,The Help,10-08-11,Buena Vista Studios,229,25,216.6,8.1,3.93,46.9,21.7,191.6,766.4,146,169.7,78.3
Viernes,Todd Phillips,comedia,Due Date,05-11-10,WB,231,65,211.8,6.6,3.17,111.2,52.5,146.8,225.9,95,100.5,47.5
Viernes,Tommy Wirkola,acción,Hansel and Gretel: Witch Hunters,25-01-13,Paramount Pictures,231,50,226.3,6.1,2.9,170.6,75.4,176.3,352.6,88,55.7,24.6
Viernes,Adam Shankman,musical,Hairspray (2007),20-07-07,New Line Cinema,232.3,75,202.5,6.8,3.44,83.7,41.3,127.5,170,117,118.9,58.7
Viernes,Martin Campbell,acción,Green Lantern,17-06-11,WB,232.5,200,219.9,5.7,2.87,103.3,47,19.9,10,114,116.6,53
Miércoles,Baz Luhrmann,aventura,Australia,26-11-08,Fox,233.4,78,211.3,7.6,3.5,161.8,76.6,133.3,170.9,165,49.6,23.4
Viernes,Neill Blomkamp,ciencia ficción,District 9,14-08-09,TriStar,233.7,30,210.8,8,3.87,95.2,45.1,180.8,602.7,112,115.6,54.9
Viernes,Paul Feig,acción,The Heat,28-06-13,Fox,234.7,43,229.9,6.6,4.07,70.3,30.6,186.9,434.7,117,159.6,69.4
Miércoles,Jon Turteltaub,acción,The Sorcerer's Apprentice,14-07-10,Buena Vista Studios,234.8,160,215.3,7.1,3.48,152.1,70.7,55.3,34.6,109,63.2,29.3
Jueves,Adam Shankman,comedia,Bedtime Stories,25-12-08,Buena Vista Studios,235.2,80,212.9,6.1,3.12,102.8,48.3,132.9,166.1,99,110.1,51.7
Viernes,Garry Marshall,comedia,Valentine's Day,12-02-10,WB,236.1,52,216.5,5.8,3,106,49,164.5,316.4,125,110.5,51
Miércoles,Michael Mann,biografía,Public Enemies,01-07-09,Universal,237.3,102.5,214.1,7,3.36,117,54.6,111.6,108.9,140,97.1,45.4
Viernes,Brian Grant,crimen,Immortals,11-11-11,Relativity Media,239.9,75,226.9,6.1,2.93,143.4,63.2,151.9,202.5,98,83.5,36.8
Viernes,Ben Affleck,drama,Argo,12-10-12,WB,240.6,44.5,232.3,7.8,3.9,96.3,41.5,187.8,422,120,136,58.5
Viernes,Michel Gondry,acción,The Green Hornet,14-01-11,Sony,240.8,110,227.8,5.9,2.97,129,56.6,117.8,107.1,119,98.8,43.4
Viernes,Peyton Reed,comedia,The Break-Up,02-06-06,Universal,241.8,52,205,5.8,2.94,86.3,42.1,153,294.2,106,118.7,57.9
Viernes,Nancy Meyers,comedia,The Holiday,08-12-06,Sony,241.9,85,205.1,6.9,3.53,141.9,69.2,120.1,141.3,138,63.2,30.8
Viernes,Tom Vaughan,comedia,What Happens in Vegas,09-05-08,Fox,242.3,35,219.4,7.3,3.51,139.1,63.4,184.4,526.9,99,80.3,36.6
Viernes,Nancy Meyers,comedia,It's Complicated,25-12-09,Universal,242.9,75,219.1,6.6,2.5,106.4,48.5,144.1,192.1,120,112.7,51.5
Viernes,"Hayden Schlossberg, Jon Hurwitz",comedia,American Reunion,06-04-12,Universal,243.4,50,235,6.8,3.17,178,75.7,185,370,113,57,24.3
Miércoles,Jose Padilha,ciencia ficción,RoboCop,12-02-14,Sony,243.8,120,242.7,7.1,3.34,184.1,75.9,122.7,102.3,117,58.6,24.1
Viernes,Klay Hall,animación,Planes,09-08-13,Buena Vista Studios,244.3,50,239.3,5.7,2.86,149,62.3,189.3,378.6,91,90.3,37.7
Viernes,Brett Ratner,acción,Hercules (2015),25-07-14,Paramount Pictures,244.5,100,243.4,6.1,3.33,170.7,70.1,143.4,143.4,98,72.7,29.9
Viernes,David O. Russell,romántica,Silver Linings Playbook,16-11-12,Weinstein Company,244.9,21,236.4,7.8,3.86,104.3,44.1,215.4,1025.7,122,132.1,55.9
Viernes,David Fincher,biografía,The Social Network,01-10-10,Sony,245.3,40,224.9,7.8,3.67,128,56.9,184.9,462.3,120,97,43.1
Jueves,Doug Liman,acción,Jumper,14-02-08,Fox,245.4,82.5,222.2,6.1,2.98,142.1,63.9,139.7,169.3,88,80.2,36.1
Martes,David Fincher,crimen,The Girl with the Dragon Tattoo (2011),20-12-11,Sony,245.9,90,232.6,7.9,3.87,130.1,55.9,142.6,158.4,158,102.5,44.1
Miércoles,Dean Parisot,comedia,Fun with Dick and Jane,21-12-05,Sony,246,140,202,6.1,3,91.7,45.4,62,44.3,90,110.3,54.6
Viernes,Peyton Reed,comedia,Yes Man,19-12-08,WB,246.5,50,223.2,6.9,3.46,125.6,56.2,173.2,346.4,104,97.7,43.8
Viernes,Chris Columbus,fantasía,Percy Jackson & The Olympians: The Lightning Thief,12-02-10,Fox,247,95,226.5,5.9,3.01,137.7,60.8,131.5,138.4,118,88.8,39.2
Viernes,Paul W.S. Anderson,acción,Resident Evil: Retribution,14-09-12,Screen Gems,248.8,65,240.2,5.3,3,197.8,82.4,175.2,269.5,96,42.3,17.6
Viernes,M. Night Shyamalan,acción,After Earth,31-05-13,Sony,248.9,130,243.8,4.9,2.43,183.3,75.2,113.8,87.5,100,60.5,24.8
Viernes,Judd Apatow,comedia,Knocked Up,01-06-07,Universal,251.3,27.5,219.1,7.1,3.59,70.3,32.1,191.6,696.7,129,148.8,67.9
Viernes,Pierre Morel,acción,Taken,30-01-09,Fox,251.4,25,226.8,7.9,3.85,81.8,36.1,201.8,807.2,93,145,63.9
Viernes,Dennis Dugan,comedia,Grown Ups 2,12-07-13,Sony,252.1,80,247,5.4,2.34,113.3,45.9,167,208.8,101,133.7,54.1
Viernes,Peter Hewitt,comedia,Garfield: The Movie,11-06-04,Fox,252.8,50,200.8,4.9,2.27,125.4,62.5,150.8,301.6,80,75.4,37.5
Viernes,Tim Burton,comedia,Dark Shadows,11-05-12,WB,254.3,150,245.5,6.2,3.03,165.8,67.5,95.5,63.7,113,79.7,32.5
Viernes,Peter Segal,acción,Get Smart,20-06-08,WB,254.8,80,230.7,6.5,3.27,100.4,43.5,150.7,188.4,110,130.3,56.5
Miércoles,Antoine Fuqua,acción,King Arthur,07-07-04,Buena Vista Studios,256.3,90,203.6,6.3,3.05,151.7,74.5,113.6,126.2,126,51.9,25.5
Viernes,David O. Russell,drama,American Hustle,13-12-13,Sony,256.4,40,251.2,6.3,2.81,101.1,40.2,211.2,528,138,150.1,59.8
Viernes,John R. Leonetti,terror,Annabelle,03-10-14,WB/New Line,256.5,6.5,255.3,5.4,2.41,171,67,248.8,3827.7,99,84.3,33
Viernes,Scott Derrickson,drama,The Day the Earth Stood Still (2008),12-12-08,Fox,257.5,80,233.1,5.5,2.81,153.7,66,153.1,191.4,104,79.4,34
Viernes,Ridley Scott,acción,Kingdom of Heaven,06-05-05,Fox,257.8,110,211.7,7.2,3.47,164.3,77.6,101.7,92.5,145,47.4,22.4
Sábado,Rob Letterman,aventura,Gulliver's Travels,25-12-10,Fox,258.9,112,237.4,4.9,2.53,194.6,82,125.4,112,85,42.8,18
Viernes,Paul King,comedia,Paddington,16-01-15,StudioCanal,259.5,55,259.5,7.3,2.89,183.3,70.6,204.5,371.8,95,76.2,29.4
Viernes,Gore Verbinski,animación,Rango,04-03-11,Paramount Pictures,259.8,135,245.7,7.3,3.51,122.2,49.7,110.7,82,107,123.5,50.3
Viernes,Mark Steven Johnson,acción,Ghost Rider,16-02-07,Sony,262.4,120,228.7,5.2,2.19,112.9,49.4,108.7,90.6,114,115.8,50.6
Viernes,Brad Silberling,aventura,Lemony Snicket's A Series of Unfortunate Events,17-12-04,Paramount Pictures,263.2,100,209.1,6.8,3.37,90.4,43.3,109.1,109.1,108,118.6,56.7
Viernes,Steve Bendelack,comedia,Mr. Bean's Holiday,24-08-07,Universal,263.5,25,229.7,6.3,2.84,196.4,85.5,204.7,818.8,90,33.3,14.5
Miércoles,Jason Reitman,comedia,Juno,05-12-07,Fox Searchlight Pictures,265.5,7,231.4,6.3,2.97,87.9,38,224.4,3205.7,96,143.5,62
Martes,Gore Verbinski,acción,The Lone Ranger,02-07-13,Buena Vista Studios,265.9,225,260.5,6.5,3.03,171.2,65.7,35.5,15.8,149,89.3,34.3
Viernes,Pete Docter,animación,Inside Out,19-06-15,Buena Vista Studios,266.6,175,266.6,8.8,4.15,81.5,30.6,91.6,52.3,102,185.1,69.4
Viernes,Eric Brevig,acción,Journey to the Center of the Earth,11-07-08,WB/New Line,267.3,45,242,5.8,2.87,140.3,58,197,437.8,93,101.7,42
Jueves,David Frankel,comedia,Marley and Me,25-12-08,Fox,268.1,60,242.7,6.2,2.96,99.6,41,182.7,304.5,115,143.2,59
Viernes,Clark Johnson,acción,S.W.A.T.,08-08-03,Sony,268.4,70,207.7,6,3.01,90.8,43.7,137.7,196.7,117,116.9,56.3
Viernes,Martin Scorsese,biografía,The Aviator,17-12-04,MiraMax,269,110,213.7,7.5,3.61,111.1,52,103.7,94.3,170,102.6,48
Viernes,Ridley Scott,acción,Exodus: Gods and Kings,12-12-14,Fox,269.2,140,268,6.1,2.66,203,75.7,128,91.4,150,65,24.3
Viernes,"Phil Lord, Chris Miller",animación,Cloudy with a Chance of Meatballs,18-09-09,Sony,269.4,100,243,7,3.49,118.1,48.6,143,143,90,124.9,51.4
Viernes,Nicholas Stoller,comedia,Neighbors,09-05-14,Universal,269.4,18,268.2,6.4,3.09,118,44,250.2,1390,97,150.2,56
Miércoles,Lawrence Guterman,acción,Cats & Dogs,04-07-01,WB,269.5,60,200.7,5.2,2.7,107.3,53.5,140.7,234.5,87,93.4,46.5
Miércoles,Dany Boon,drama,Bienvenue chez les Ch'tis,20-02-08,Path_ Distribution,270.7,15.3,245.1,7.1,3.75,245.1,100,229.8,1502,106,0,0
Viernes,Robert Schwentke,acción,Flightplan,23-09-05,Buena Vista Studios,272,55,223.4,6.2,3.08,133.7,59.8,168.4,306.2,98,89.7,40.2
Miércoles,Clint Eastwood,drama,Million Dollar Baby,15-12-04,WB,272.9,30,216.8,8.1,3.87,116.3,53.6,186.8,622.7,132,100.5,46.4
Viernes,Cameron Crowe,misterio,Vanilla Sky,14-12-01,Paramount Pictures,273.1,70,203.4,6.9,3.36,102.8,50.5,133.4,190.6,136,100.6,49.5
Viernes,Peter Weir,acción,Master and Commander: The Far Side of the World,14-11-03,Fox,274,135,212,7.4,3.64,118.1,55.7,77,57,138,93.9,44.3
Viernes,Chris Wedge,animación,Epic,24-05-13,Fox,274,100,268.4,6.7,1.49,160.9,59.9,168.4,168.4,102,107.5,40.1
Viernes,Rob Minkoff,animación,Mr. Peabody & Sherman,07-03-14,Fox,274.1,145,272.9,6.9,3.4,161.4,59.1,127.9,88.2,92,111.5,40.9
Viernes,Michael Mann,crimen,Collateral,06-08-04,DreamWorks,274.2,60,217.8,7.6,3.7,116.8,53.6,157.8,263,120,101,46.4
Jueves,J. J. Abrams,suspenso,Super 8,09-06-11,Paramount Pictures,275,50,260.1,7.1,3.53,133.1,51.2,210.1,420.2,112,127,48.8
Miércoles,"Ethan Coen, Joel Coen",aventura,True Grit,22-12-10,Paramount Pictures,275.2,35,252.3,7.7,3.87,81,32.1,217.3,620.9,110,171.2,67.9
Miércoles,Rawson Marshall Thurber,comedia,We're the Millers,07-08-13,WB,275.6,37,270,7.1,3.43,119.6,44.3,233,629.7,110,150.4,55.7
Viernes,Steven Spielberg,drama,The Terminal,18-06-04,DreamWorks,276.2,75,219.4,6.1,3.18,141.5,64.5,144.4,192.5,128,77.9,35.5
Viernes,Brett Ratner,crimen,Red Dragon,04-10-02,Universal,276.5,78,209.2,7.2,3.57,116,55.5,131.2,168.2,124,93.1,44.5
Viernes,Elizabeth Banks,comedia,Pitch Perfect 2,15-05-15,Universal,276.9,29,276.9,6.9,3.3,95.9,34.6,247.9,854.8,115,181.1,65.4
Viernes,Rob Cohen,acción,The Fast and the Furious,22-06-01,Universal,278.4,38,207.3,6.7,3.16,62.8,30.3,169.3,445.5,106,144.5,69.7
Viernes,Kenny Ortega,comedia,High School Musical 3: Senior Year,24-10-08,Buena Vista Studios,279.3,11,252.9,4.3,2.33,162.3,64.2,241.9,2199.1,112,90.6,35.8
Miércoles,Michael Moore,documental,Fahrenheit 9/11,23-06-04,Lionsgate Films,280,6,222.4,7.5,3.57,103.3,46.4,216.4,3606.7,122,119.2,53.6
Viernes,"Cody Cameron, Kris Pearn",animación,Cloudy with a Chance of Meatballs 2,27-09-13,Sony,280,78,274.3,6.5,3.21,154.5,56.3,196.3,251.7,95,119.8,43.7
Viernes,Frank Coraci,comedia,Click,23-06-06,Revolution Studios,280.4,82.5,237.7,6.4,3.11,100.3,42.2,155.2,188.1,107,137.4,57.8
Viernes,Francis Lawrence,fantasía,Constantine,18-02-05,WB,281.2,100,230.9,7.6,3.35,154.9,67.1,130.9,130.9,121,76,32.9
Viernes,Alejandro Amenˆbar,terror,The Others,10-08-01,MiraMax,281.8,17,209.9,7.6,3.71,113.4,54,192.9,1134.7,101,96.5,46
Viernes,Doug Liman,acción,The Bourne Identity,14-06-02,Universal,282.9,60,214,7.9,3.9,92.4,43.2,154,256.7,119,121.7,56.8
Viernes,Jon Favreau,comedia,Elf,07-11-03,New Line Cinema,284.8,32,220.4,6.9,3.41,47,21.3,188.4,588.8,97,173.4,78.7
Viernes,Steven Spielberg,biografía,Lincoln,09-11-12,Buena Vista Studios,285.1,65,275.3,7.4,3.74,93.1,33.8,210.3,323.5,150,182.2,66.2
Viernes,David Zucker,comedia,Scary Movie 3,24-10-03,Dimension Films,285.2,45,220.7,5.4,2.46,110.7,50.2,175.7,390.4,84,110,49.8
Miércoles,James Mangold,acción,Knight & Day,23-06-10,Fox,285.6,117,261.9,6.3,3.27,185.5,70.8,144.9,123.9,109,76.4,29.2
Viernes,Tony Gilroy,acción,The Bourne Legacy,10-08-12,Universal,286,125,276.1,6.7,3.49,162.9,59,151.1,120.9,135,113.2,41
Viernes,Hayao Miyazaki,animación,Howl's Moving Castle,10-06-05,Buena Vista Studios,286.4,24,235.2,8.2,4.07,230.5,98,211.2,880,119,4.7,2
Miércoles,Steven Soderbergh,crimen,Traffic,27-12-00,USA,286.6,48,207.5,7.7,3.82,83.4,40.2,159.5,332.3,147,124.1,59.8
Miércoles,David Soren,animación,Turbo,17-07-13,Fox,288.5,135,282.6,6.5,2.94,199.5,70.6,147.6,109.3,96,83,29.4
Miércoles,Kenny Ortega,documental,Michael Jackson's This Is It,28-10-09,Sony,289.5,60,261.2,7.6,3.37,189.1,72.4,201.2,335.3,111,72.1,27.6
Viernes,Neil Burger,aventura,Divergent,21-03-14,Lionsgate/Summit,290,85,288.7,6.8,3.41,137.8,47.7,203.7,239.7,139,150.9,52.3
Viernes,Walt Becker,acción,Wild Hogs,02-03-07,Buena Vista Studios,290.9,60,253.6,5.9,2.79,85.4,33.7,193.6,322.7,100,168.3,66.3
Viernes,Neill Blomkamp,acción,Elysium,09-08-13,TriStar,292.1,120,286.1,6.7,3.29,193.1,67.5,166.1,138.4,109,93.1,32.5
Viernes,Joseph Kosinski,acción,Oblivion,19-04-13,Universal,292.2,120,286.2,7,3.5,197.1,68.9,166.2,138.5,124,89.1,31.1
Viernes,Donald Petrie,comedia,Miss Congeniality,22-12-00,WB,293.7,45,212.7,6.1,3.04,105.9,49.8,167.7,372.7,109,106.8,50.2
Viernes,Tim Burton,fantasía,Sleepy Hollow,19-11-99,Paramount Pictures,294.2,70,206.1,7.6,3.55,105,51,136.1,194.4,105,101.1,49
Viernes,Stefen Fangmeier,acción,Eragon,15-12-06,Fox,294.3,100,249.5,5.1,2.63,174.5,69.9,149.5,149.5,104,75,30.1
Viernes,Andrew Stanton,ciencia ficción,John Carter,09-03-12,Buena Vista Studios,294.3,263.7,284.1,6.6,3.27,211.1,74.3,20.4,7.7,132,73.1,25.7
Viernes,Ang Lee,acción,"Crouching Tiger, Hidden Dragon",08-12-00,Sony Picture Classics,294.8,15,213.5,7.9,3.9,85.4,40,198.5,1323.3,120,128.1,60
Viernes,Tom Shadyac,comedia,Patch Adams,25-12-98,Universal,295.1,90,202.3,6.6,3.15,67.3,33.3,112.3,124.8,115,135,66.7
Viernes,Robert Schwentke,acción,The Divergent Series: Insurgent,20-03-15,Lionsgate/Summit,295.1,110,295.1,6.9,3.17,165.1,55.9,185.1,168.3,119,130,44.1
Viernes,Brett Ratner,acción,Rush Hour 3,10-08-07,New Line Cinema,296,180,258,6.2,2.97,117.9,45.7,78,43.3,91,140.1,54.3
Miércoles,"Ron Clements, John Musker",animación,The Princess and the Frog,25-11-09,Buena Vista Studios,296,105,267,7.2,3.59,162.6,60.9,162,154.3,97,104.4,39.1
Viernes,Dennis Dugan,comedia,Grown Ups,25-06-10,Sony,296,75,271.4,6,2.81,109.4,40.3,196.4,261.9,102,162,59.7
Miércoles,Roland Emmerich,acción,The Patriot,28-06-00,Sony,297.3,110,215.3,6.1,3.22,102,47.4,105.3,95.7,165,113.3,52.6
Viernes,Martin Campbell,acción,Vertical Limit,08-12-00,Sony,297.9,75,215.7,5.8,2.85,146.4,67.9,140.7,187.6,124,69.2,32.1
Viernes,Roland Emmerich,acción,"10,000 B.C.",07-03-08,WB,298,105,269.8,5,2.53,175,64.9,164.8,157,109,94.8,35.1
Viernes,Clint Eastwood,drama,Gran Torino,12-12-08,WB,298.2,33,270,8.2,3.99,121.9,45.1,237,718.2,116,148.1,54.9
Viernes,Jesse Dylan,comedia,American Wedding,01-08-03,Universal,299.1,55,231.4,7.6,3.85,126.9,54.8,176.4,320.7,96,104.6,45.2
Viernes,Sylvester Stallone,acción,The Expendables,13-08-10,Lionsgate,299.4,82,274.5,6.5,3.01,171.4,62.4,192.5,234.8,103,103.1,37.6
Miércoles,Peter Hyams,acción,End of Days,24-11-99,Universal,302.6,100,212,5.7,2.68,145.1,68.4,112,112,121,66.9,31.6
Viernes,Jon Amiel,crimen,Entrapment,30-04-99,Fox,303.2,66,212.4,6.2,3.16,124.7,58.7,146.4,221.8,113,87.7,41.3
Viernes,Florian Henckel von Donnersmarck,acción,The Tourist,10-12-10,Sony,303.5,100,278.3,6,3.08,210.7,75.7,178.3,178.3,103,67.6,24.3
Viernes,Paul Feig,comedia,Bridesmaids,13-05-11,Universal,304.9,32.5,288.4,6.8,3.53,119.3,41.4,255.9,787.4,125,169.1,58.6
Viernes,John Singleton,acción,2 Fast 2 Furious,06-06-03,Universal,305.5,76,236.4,5.8,2.5,109.2,46.2,160.4,211.1,107,127.2,53.8
Viernes,Ridley Scott,drama,American Gangster,02-11-07,Universal,305.7,100,266.5,7.8,3.83,136.3,51.2,166.5,166.5,157,130.2,48.8
Viernes,Zack Snyder,acción,Superman,14-06-13,WB,306.4,55,300.2,7.3,3.38,166,55.3,245.2,445.8,143,134.2,44.7
Viernes,Larry Charles,comedia,Borat: Cultural Learnings of America for Make Benefit Glorious Nation of Kazakhstan,03-11-06,Fox,308.6,18,261.6,7.3,3.5,133.1,50.9,243.6,1353.3,84,128.5,49.1
Viernes,Josh Boone,drama,The Fault in our Stars,06-06-14,Fox,308.6,12,307.2,7.9,3.58,182.4,59.4,295.2,2460,126,124.9,40.6
Miércoles,"Peter Lord, Nick Park",animación,Chicken Run,21-06-00,DreamWorks,310.4,42,224.8,7.1,3.58,118,52.5,182.8,435.2,84,106.8,47.5
Jueves,John Moore,acción,A Good Day to Die Hard,14-02-13,Fox,311,92,304.7,5.3,2.59,237.3,77.9,212.7,231.2,98,67.3,22.1
Viernes,"Paul Tibbitt, Mike Mitchell",animación,The SpongeBob Movie: Sponge Out of Water,06-02-15,Paramount Pictures,311.6,74,311.6,6.2,2.25,148.6,47.7,237.6,321.1,92,163,52.3
Viernes,Peter Berg,acción,Battleship,18-05-12,Universal,313.8,209,303,5.9,2.83,237.6,78.4,94,45,131,65.4,21.6
Jueves,Michael Patrick King,comedia,Sex and the City 2,27-05-10,WB/New Line,314.4,95,288.3,4.2,2.32,193,66.9,193.3,203.5,146,95.3,33.1
Viernes,Jonathan Liebesman,acción,Wrath of the Titans,30-03-12,WB,316.2,150,305.3,5.8,2.78,221.6,72.6,155.3,103.5,99,83.7,27.4
Viernes,Simon West,acción,The Expendables 2,17-08-12,Lionsgate,316.3,100,305.4,6.7,3.08,220.4,72.2,205.4,205.4,103,85,27.8
Viernes,Shawn Levy,acción,Real Steel,07-10-11,Buena Vista Studios,316.4,110,299.3,6.3,3.28,213.8,71.4,189.3,172.1,127,85.5,28.6
Viernes,Steven Spielberg,aventura,A.I. Artificial Intelligence,29-06-01,WB,316.8,90,235.9,7.1,3.21,157.3,66.7,145.9,162.1,146,78.6,33.3
Miércoles,Barry Sonnenfeld,acción,Wild Wild West,30-06-99,WB,317,175,222.1,4.8,2.31,108.3,48.8,47.1,26.9,106,113.8,51.2
Viernes,Ang Lee,acción,Hulk,20-06-03,Universal,317.2,137,245.4,5.7,2.69,113.2,46.1,108.4,79.1,138,132.2,53.9
Viernes,"Chris Wedge, Carlos Saldanha",animación,Robots,11-03-05,Fox,317.4,80,260.7,6.3,3.28,132.5,50.8,180.7,225.9,91,128.2,49.2
Miércoles,Peter Ramsey,animación,Rise of the Guardians,21-11-12,Pacific Data/DreamWorks,317.9,145,306.9,7.3,3.6,203.5,66.3,161.9,111.7,97,103.4,33.7
Viernes,"Brenda Chapman, Steve Hickner, Simon Wells",animación,The Prince of Egypt,18-12-98,DreamWorks,318.9,60,218.6,7,3.42,117.2,53.6,158.6,264.3,99,101.4,46.4
Viernes,Richard Curtis,comedia,Love Actually,07-11-03,Universal,319.1,45,246.9,7.7,3.8,187.2,75.8,201.9,448.7,135,59.7,24.2
Viernes,Phillip Noyce,acción,Salt,23-07-10,Sony,320.1,110,293.5,6.4,3.33,175.2,59.7,183.5,166.8,100,118.3,40.3
Viernes,Curtis Hanson,drama,8 Mile,08-11-02,Universal,321.1,41,242.9,6.9,3.25,126.1,51.9,201.9,492.4,110,116.8,48.1
Viernes,Martin Scorsese,drama,Shutter Island,19-02-10,Paramount Pictures,321.5,80,294.8,8.1,3.91,166.8,56.6,214.8,268.5,138,128,43.4
Viernes,Paul W.S. Anderson,acción,Resident Evil: Afterlife,10-09-10,Screen Gems,323,57.5,296.2,5.9,3.1,236.1,79.7,238.7,415.1,97,60.1,20.3
Viernes,M. Night Shyamalan,misterio,The Village,30-07-04,Buena Vista Studios,323.2,71.7,256.7,6.5,3.26,142.5,55.5,185,258,108,114.2,44.5
Viernes,"Aaron Blaise, Robert A. Walker",animación,Brother Bear,24-10-03,Buena Vista Studios,323.6,18,250.4,6.7,3.17,165.1,65.9,232.4,1291.1,82,85.3,34.1
Viernes,Hoyt Yeatman,acción,G-Force,24-07-09,Buena Vista Studios,324.6,82.5,292.8,5.1,2.55,173.4,59.2,210.3,254.9,88,119.4,40.8
Viernes,James Wan,terror,The Conjuring,19-07-13,WB,324.6,20,318,7.5,3.59,180.6,56.8,298,1490,112,137.4,43.2
Viernes,Olivier Megaton,acción,Taken 3,09-01-15,Fox,325.8,48,325.8,6.1,2.88,236.5,72.6,277.8,578.8,109,89.3,27.4
Viernes,H.B. Halicki,acción,Gone in 60 Seconds,09-05-00,Buena Vista Studios,327.6,90,237.2,6.5,3.07,135.6,57.1,147.2,163.6,105,101.6,42.9
Viernes,"Steve Martino, Jimmy Hayward",animación,Dr. Seuss' Horton Hears a Who!,14-03-08,Fox,328.2,85,297.1,6.9,3.45,142.6,48,212.1,249.5,86,154.5,52
Miércoles,Mel Gibson,acción,Braveheart,24-05-95,Paramount Pictures,328.3,72,210.4,8.4,4.05,134.8,64.1,138.4,192.2,177,75.6,35.9
Viernes,Gore Verbinski,terror,The Ring,18-10-02,DreamWorks,329.5,48,249.3,7.1,3.43,120.2,48.2,201.3,419.4,115,129.1,51.8
Viernes,"Steve Hickner, Simon J. Smith",animación,Bee Movie,02-11-07,Pacific Data/DreamWorks,329.9,150,287.6,6.2,3.01,161,56,137.6,91.7,91,126.6,44
Viernes,Stephen Sommers,animación,The Jungle Book,23-12-94,Disney,330.2,27,205.8,7.6,3.38,64,31.1,178.8,662.2,111,141.8,68.9
Viernes,Beeban Kidron,comedia,Bridget Jones: The Edge of Reason,12-11-04,Universal,330.5,50,262.5,5.9,2.97,222.3,84.7,212.5,425,108,40.2,15.3
Viernes,Steve Oedekerk,comedia,Ace Ventura: When Nature Calls,10-11-95,WB,331.4,30,212.4,6.3,2.62,104,49,182.4,608,90,108.4,51
Viernes,Tim Story,acción,Fantastic Four: Rise of the Silver Surfer,15-06-07,Fox,331.5,120,289,5.6,2.86,157.1,54.4,169,140.8,92,131.9,45.6
Viernes,Simon West,acción,Con Air,06-06-97,Buena Vista Studios,331.9,80,224,6.8,3.19,122.9,54.9,144,180,115,101.1,45.1
Viernes,"Phil Lord, Chris Miller",comedia,22 Jump Street,13-06-14,Sony,332.8,50,331.3,7.1,3.5,139.6,42.1,281.3,562.6,112,191.7,57.9
Viernes,Roberto Benigni,drama,Life Is Beautiful,23-10-98,MiraMax,334.4,20,229.2,8.6,4.18,171.6,74.9,209.2,1046,116,57.6,25.1
Viernes,Gus Van Sant,drama,Good Will Hunting,05-12-97,MiraMax,334.7,10,225.9,8.3,4.04,87.5,38.7,215.9,2159,126,138.4,61.3
Viernes,Joseph McGinty Nichol,acción,Charlie's Angels: Full Throttle,27-06-03,Sony,335,120,259.2,4.8,2.54,158.3,61.1,139.2,116,106,100.8,38.9
Viernes,Dennis Dugan,comedia,Big Daddy,25-06-99,Sony,335.2,30,234.8,6.4,3.12,71.3,30.4,204.8,682.7,93,163.5,69.6
Viernes,Stephen Sommers,acción,G.I. Joe: The Rise of Cobra,07-08-09,Paramount Pictures,335.3,175,302.5,5.8,2.85,152.3,50.3,127.5,72.9,118,150.2,49.7
Viernes,"Paul Weitz, Chris Weitz",comedia,American Pie,09-07-99,Universal,336.2,12,235.5,7,3.34,132.9,56.4,223.5,1862.5,95,102.6,43.6
Miércoles,Paul Weitz,comedia,Little Fockers,22-12-10,Universal,338.8,100,310.7,5.4,2.7,162.2,52.2,210.7,210.7,98,148.4,47.8
Viernes,Noam Murro,acción,300: Rise of An Empire,07-03-14,WB,339.1,110,337.6,6.3,2.93,231,68.4,227.6,206.9,102,106.6,31.6
Miércoles,Jonathan Demme,drama,Philadelphia,22-12-93,TriStar,340.2,26,206.7,8.8,3.82,129.2,62.5,180.7,695,125,77.4,37.5
Viernes,Ang Lee,acción,The Incredible Hulk,20-06-03,Universal,340.4,137,263.4,6.9,3.34,128.6,48.8,126.4,92.3,138,134.8,51.2
Viernes,Martin Scorsese,suspenso,The Departed,06-10-06,WB,341.8,90,289.8,8.5,4.11,157.5,54.3,199.8,222,151,132.4,45.7
Viernes,Wes Ball,acción,The Maze Runner,19-09-14,Fox,342.3,34,340.8,6.9,3.38,238.3,69.9,306.8,902.4,113,102.4,30.1
Viernes,"Christopher Williams, Byron Howard",animación,Bolt,21-11-08,Buena Vista Studios,342.4,150,310,6.9,3.53,195.9,63.2,160,106.7,96,114.1,36.8
Miércoles,M. Night Shyamalan,fantasía,Unbreakable,22-11-00,Buena Vista Studios,342.6,73.2,248.1,7.2,3.48,153.1,61.7,174.9,238.9,106,95,38.3
Viernes,John Lee Hancock,biografía,The Blind Side,20-11-09,WB,342.7,35,309.2,7.7,3.87,53.2,17.2,274.2,783.4,129,256,82.8
Viernes,Quentin Tarantino,crimen,Pulp Fiction,14-10-94,MiraMax,343.2,8,213.9,8.9,4.16,106,49.5,205.9,2573.8,154,107.9,50.5
Viernes,Barry Levinson,drama,Disclosure,09-12-94,WB,343.4,55,214,6,3.29,131,61.2,159,289.1,128,83,38.8
Viernes,Nancy Meyers,comedia,Something's Gotta Give,12-12-03,Sony,344.7,80,266.7,6.7,3.49,142,53.2,186.7,233.4,128,124.7,46.8
Miércoles,Phillip Noyce,acción,Clear and Present Danger,03-08-94,Paramount Pictures,346.4,62,215.9,6.9,3.67,93.7,43.4,153.9,248.2,141,122.2,56.6
Viernes,David Dobkin,comedia,Wedding Crashers,15-07-05,New Line Cinema,347.3,40,285.2,7,3.54,75.9,26.6,245.2,613,119,209.3,73.4
Sábado,Brad Peyton,aventura,Journey 2: The Mysterious Island,11-02-12,WB,347.3,79,335.3,5.8,2.84,231.4,69,256.3,324.4,94,103.9,31
Jueves,M. Night Shyamalan,acción,The Last Airbender,01-07-10,Paramount Pictures,348.7,150,319.7,4.3,2.36,187.9,58.8,169.7,113.1,103,131.8,41.2
Viernes,Joe Pytka,animación,Space Jam,15-11-96,WB,349.2,80,230.4,6.2,2.73,140,60.8,150.4,188,88,90.4,39.2
Viernes,Ridley Scott,acción,Robin Hood,14-05-10,Universal,350.8,180,321.7,6.7,3.19,216.4,67.3,141.7,78.7,140,105.3,32.7
Viernes,Tom McGrath,animación,Megamind,05-11-10,Pacific Data/DreamWorks,351.1,130,321.9,7.3,3.72,173.5,53.9,191.9,147.6,95,148.4,46.1
Viernes,Anthony Minghella,romántica,The English Patient,15-11-96,MiraMax,351.6,35,232,7.4,3.65,153.3,66.1,197,562.9,162,78.7,33.9
Viernes,Anne Fletcher,comedia,The Proposal,19-06-09,Buena Vista Studios,351.8,40,317.4,6.7,3.52,153.4,48.3,277.4,693.5,108,164,51.7
Viernes,Joel Schumacher,acción,Batman and Robin,20-06-97,WB,352.9,125,238.2,3.6,3.06,130.9,54.9,113.2,90.6,125,107.3,45.1
Viernes,Michael Bay,acción,Bad Boys II,18-07-03,Sony,353.2,130,273.3,6.5,3.09,134.7,49.3,143.3,110.2,147,138.6,50.7
Viernes,Steven Soderbergh,biografía,Erin Brockovich,17-03-00,Universal,353.9,50,256.3,7.3,3.6,130.7,51,206.3,412.6,130,125.6,49
Miércoles,Raja Gosnell,animación,The Smurfs 2,31-07-13,Sony,354.7,110,347.5,5.4,2.28,276.5,79.6,237.5,215.9,105,71,20.4
Miércoles,"Daniel Myrick, Eduardo Sanchez",terror,The Blair Witch Project,14-07-99,Art House Studios,354.9,0.6,248.6,6.4,2.88,108.1,43.5,248,41333.3,81,140.5,56.5
Viernes,"Quentin Tarantino, Eli Roth",aventura,Inglourious Basterds,21-08-09,Weinstein Company,356.4,70,321.5,8.3,4.02,200.9,62.5,251.5,359.3,153,120.5,37.5
Viernes,George Miller,acción,Mad Max: Fury Road,15-05-15,WB,356.4,150,356.4,8.5,3.95,209.3,58.7,206.4,137.6,120,147.1,41.3
Viernes,Brett Ratner,acción,Rush Hour,18-09-98,New Line Cinema,356.6,35,244.4,6.9,3.41,103.2,42.2,209.4,598.3,98,141.2,57.8
Viernes,Steven Soderbergh,suspenso,Ocean's Thirteen,08-06-07,WB,357.1,85,311.3,6.9,3.5,194.2,62.4,226.3,266.2,122,117.2,37.6
Viernes,Baz Luhrmann,drama,The Great Gatsby (2013),10-05-13,WB,358.3,190,351,7.3,3.49,206.2,58.7,161,84.7,142,144.8,41.3
Viernes,Oliver Stone,suspenso,JFK,20-12-91,WB,358.6,40,205.4,6.4,3.2,135,65.7,165.4,413.5,188,70.4,34.3
Viernes,Neil Jordan,drama,Interview with the Vampire,11-11-94,WB,359,50,223.7,7.6,3.49,118.4,52.9,173.7,347.4,123,105.3,47.1
Viernes,Louis Leterrier,suspenso,Now You See Me,31-05-13,Lionsgate/Summit,359,75,351.7,7.3,3.54,234,66.5,276.7,368.9,115,117.7,33.5
Viernes,Darren Aronofsky,drama,Black Swan,03-12-10,Fox Searchlight Pictures,359.2,13,329.4,8,3.88,222.4,67.5,316.4,2433.9,108,107,32.5
Viernes,Robert Zemeckis,animación,A Christmas Carol (2009),06-11-09,Buena Vista Studios,360.6,190,325.3,6.9,3.24,187.4,57.6,135.3,71.2,96,137.9,42.4
Viernes,"Dean DeBlois, Chris Sanders",animación,Lilo & Stitch,21-06-02,Buena Vista Studios,361,80,273.1,7.1,3.49,127.3,46.6,193.1,241.4,85,145.8,53.4
Viernes,"Chris Renaud, Kyle Balda",animación,Dr. Seuss' The Lorax,02-03-12,Universal,361.3,67.5,348.8,6.5,3.17,134.8,38.6,281.3,416.7,86,214,61.4
Viernes,Shawn Levy,aventura,Night at the Museum: Secret of the Tomb,19-12-14,Fox,362,127,360.4,6.3,2.78,246.6,68.4,233.4,183.8,98,113.7,31.6
Viernes,Gabriele Muccino,biografía,The Pursuit of Happyness,15-12-06,Sony,362.3,55,307.1,7.9,3.72,143.5,46.7,252.1,458.4,117,163.6,53.3
Viernes,Mike Mitchell,animación,Alvin and the Chipmunks: Chipwrecked,16-12-11,Fox,362.3,80,342.7,4.4,2.11,209.6,61.2,262.7,328.4,87,133.1,38.8
Viernes,Paul Greengrass,acción,The Bourne Supremacy,23-07-04,Universal,363.2,85,288.5,7.8,3.85,112.3,38.9,203.5,239.4,108,176.2,61.1
Viernes,Hayao Miyazaki,animación,Spirited Away,20-09-02,Buena Vista Studios,363.4,19,274.9,8.6,4.21,264.9,96.3,255.9,1346.8,125,10.1,3.7
Viernes,John Woo,acción,Face/Off,27-06-97,Paramount Pictures,364,80,245.7,7.1,3.65,133.4,54.3,165.7,207.1,138,112.3,45.7
Viernes,Darren Aronofsky,acción,Noah,28-03-14,Paramount Pictures,364.2,130,362.6,5.9,2.84,261.4,72.1,232.6,178.9,138,101.2,27.9
Viernes,"Ray Patterson, Charles Nichols",animación,Scooby-Doo,14-06-02,WB,364.4,84,275.7,4.9,2.4,122.4,44.4,191.7,228.2,90,153.3,55.6
Viernes,Joseph McGinty Nichol,acción,Charlie's Angels,03-11-00,Sony,364.7,90,264.1,8.1,3.8,138.8,52.6,174.1,193.4,98,125.3,47.4
Viernes,John McTiernan,acción,The Hunt for Red October,02-03-90,Paramount Pictures,364.8,30,200.5,7.6,3.86,78.5,39.1,170.5,568.3,134,122,60.9
Viernes,Martin Campbell,acción,The Mask of Zorro,17-07-98,Sony,365.2,65,250.3,6.7,3.29,156.2,62.4,185.3,285.1,136,94.1,37.6
Viernes,Tony Scott,acción,Enemy of the State,20-11-98,Buena Vista Studios,365.6,85,250.6,7.3,3.54,139.1,55.5,165.6,194.8,132,111.5,44.5
Viernes,Francis Ford Coppola,terror,Bram Stoker's Dracula,13-11-92,Colombia Pictures,365.9,40,215.9,5.6,3.1,133.3,61.8,175.9,439.8,128,82.5,38.2
Viernes,Nora Ephron,romántica,You've Got Mail,18-12-98,WB,365.9,65,250.8,6.5,3.16,135,53.8,185.8,285.9,119,115.8,46.2
Viernes,Rob Cohen,acción,XXX,09-08-02,Revolution Studios,366.7,70,277.4,5.8,2.81,135.3,48.8,207.4,296.3,124,142.1,51.2
Viernes,Mike Newell,acción,Prince of Persia: The Sands of Time,28-05-10,Buena Vista Studios,366.9,200,336.4,6.6,3.26,245.6,73,136.4,68.2,116,90.8,27
Viernes,Chuck Russell,acción,Eraser,21-06-96,WB,367.2,100,242.3,6,3.18,141,58.2,142.3,142.3,115,101.3,41.8
Viernes,Jonathan Liebesman,acción,Teenage Mutant Ninja Turtles,30-03-90,New Line Cinema,367.5,93,202,6,2.81,66.7,33,77,61.6,101,135.3,67
Viernes,Ivan Reitman,acción,Kindergarten Cop,21-12-90,Universal,367.5,26,202,5.9,2.82,110.5,54.7,176,676.9,111,91.5,45.3
Viernes,Tim Johnson,animación,Home,27-03-15,Fox,367.7,130,367.7,6.8,2.38,193,52.5,237.7,182.9,94,174.7,47.5
Jueves,David Fincher,drama,The Curious Case of Benjamin Button,25-12-08,Paramount Pictures,368.8,160,333.9,7.8,3.65,206.4,61.8,173.9,108.7,166,127.5,38.2
Viernes,Simon West,acción,Lara Croft: Tomb Raider,15-06-01,Paramount Pictures,368.9,94,274.7,5.7,2.77,143.5,52.3,180.7,192.2,100,131.2,47.7
Jueves,Todd Phillips,comedia,The Hangover Part III,23-05-13,WB,369.5,103,362,5.9,2.93,249.8,69,259,251.5,100,112.2,31
Viernes,David Fincher,drama,Gone Girl,03-10-14,Fox,369.8,61,368.1,6.7,3.43,200.3,54.4,307.1,503.4,149,167.8,45.6
Viernes,Doug Liman,acción,Edge of Tomorrow,06-06-14,WB,370.9,178,369.2,7.9,3.85,269,72.9,191.2,107.4,113,100.2,27.1
Viernes,Genndy Tartakovsky,animación,Hotel Transylvania,28-09-12,Sony,371.2,85,358.4,7.1,3.38,210.1,58.6,273.4,321.7,91,148.3,41.4
Viernes,Mel Smith,comedia,Bean,17-10-97,Gramercy Pictures,372.2,18,251.2,7.3,3.68,205.9,82,233.2,1295.6,90,45.3,18
Viernes,Bryan Singer,acción,X-Men: First Class,03-06-11,Fox,373.8,200,353.6,7.8,3.84,207.2,58.6,153.6,76.8,131,146.4,41.4
Domingo,"Ron Clements, John Musker",animación,Hercules,15-06-97,Buena Vista Studios,374.4,70,252.7,6.1,2.9,153.6,60.8,182.7,261,92,99.1,39.2
Viernes,Nora Ephron,romántica,Sleepless in Seattle,25-06-93,TriStar,374.9,21,227.8,6.8,3.52,101.1,44.4,206.8,984.8,105,126.7,55.6
Miércoles,"Simon J. Smith, Eric Darnell",animación,Penguins of Madagascar,26-11-14,Fox,375.3,132,373.6,6.8,3.3,290.2,77.7,241.6,183,92,83.4,22.3
Viernes,Timur Bekmambetov,acción,Wanted,27-06-08,Universal,377.1,75,341.4,6.7,3.51,206.9,60.6,266.4,355.2,110,134.5,39.4
Viernes,Stephen Sommers,acción,Van Helsing,07-05-04,Universal,378,170,300.3,6,2.8,180.1,60,130.3,76.7,131,120.2,40
Viernes,Sharon Maguire,comedia,Bridget Jones's Diary,13-04-01,MiraMax,378.5,25,281.9,6.7,3.46,210.4,74.6,256.9,1027.6,97,71.5,25.4
Miércoles,Peter Cattaneo,comedia,The Full Monty,13-08-97,Fox Searchlight Pictures,382.1,3.5,257.9,7.2,3.73,212,82.2,254.4,7268.6,91,46,17.8
Viernes,Mark Dindal,animación,Chicken Little,04-11-05,Buena Vista Studios,382.8,60,314.4,5.8,2.91,179,56.9,254.4,424,81,135.4,43.1
Miércoles,Jon M. Chu,acción,G.I. Joe: Retaliation,27-03-13,Paramount Pictures,383.5,130,375.7,5.8,2.75,253.2,67.4,245.7,189,110,122.5,32.6
Viernes,Keenen Ivory Wayans,comedia,Scary Movie,07-07-00,MiraMax,383.9,19,278,7.2,2.77,121,43.5,259,1363.2,88,157,56.5
Viernes,Peter Weir,drama,The Truman Show,05-06-98,Paramount Pictures,385.3,60,264.1,5.5,2.81,138.5,52.4,204.1,340.2,103,125.6,47.6
Viernes,David Frankel,comedia,The Devil Wears Prada,30-06-06,Fox,385.3,35,326.6,6.8,3.41,201.8,61.8,291.6,833.1,109,124.7,38.2
Viernes,James B. Rogers,comedia,American Pie 2,10-08-01,Universal,386.2,30,287.6,6.4,2.98,142.5,49.5,257.6,858.7,108,145.1,50.5
Miércoles,Robert Zemeckis,animación,The Polar Express,10-11-04,WB,387.1,170,307.5,6.6,3.16,124.1,40.4,137.5,80.9,100,183.4,59.6
Viernes,Olivier Megaton,acción,Taken 2,05-10-12,Fox,389.6,45,376.1,6.3,3.17,236.3,62.8,331.1,735.8,92,139.9,37.2
Miércoles,Kevin Lima,comedia,Enchanted,21-11-07,Buena Vista Studios,390.6,85,340.5,7.2,3.6,212.7,62.5,255.5,300.6,107,127.8,37.5
Viernes,Luc Besson,acción,The Fifth Element,09-05-97,Sony,391,95,263.9,7.6,3.71,200.1,75.8,168.9,177.8,126,63.8,24.2
Viernes,Harald Zwart,acción,The Karate Kid,11-06-10,Sony,391.6,40,359.1,7.2,3.2,182.5,50.8,319.1,797.8,140,176.6,49.2
Viernes,Joe Johnston,acción,Captain America: The First Avenger,22-07-11,Paramount Pictures,391.8,140,370.6,6.8,3.56,193.9,52.3,230.6,164.7,124,176.7,47.7
Jueves,Jay Roach,acción,Austin Powers in Goldmember,25-07-02,New Line Cinema,392.2,63,296.7,6.2,2.99,83.3,28.1,233.7,371,94,213.3,71.9
Viernes,Emile Ardolino,comedia,Sister Act,29-05-92,Buena Vista Studios,392.6,31,231.6,6.2,2.97,92,39.7,200.6,647.1,100,139.6,60.3
Miércoles,Mike Newell,comedia,Four Weddings and a Funeral,09-03-94,Gramercy Pictures,394.3,4.5,245.7,7.3,3.34,193,78.6,241.2,5360,117,52.7,21.4
Miércoles,Steven Spielberg,animación,The Adventures of Tintin,21-12-11,Paramount Pictures,395.4,130,374,7.4,3.58,296.4,79.3,244,187.7,107,77.6,20.7
Viernes,"Karey Kirkpatrick, Tim Johnson",animación,Over the Hedge,19-05-06,Pacific Data/DreamWorks,396.3,80,336,6.8,3.42,181,53.9,256,320,83,155,46.1
Viernes,Chris Noonan,aventura,Babe,04-08-95,Universal,396.5,30,254.1,6.8,3.65,190.5,75,224.1,747,89,63.7,25
Viernes,"Peter Farrelly, Bobby Farrelly",comedia,Dumb and Dumber,16-12-94,New Line Cinema,396.8,16,247.3,7.3,2.95,120.1,48.6,231.3,1445.6,107,127.2,51.4
Miércoles,Martin Scorsese,biografía,The Wolf of Wall Street,25-12-13,Paramount Pictures,400.2,100,392,8.2,3.79,275.1,70.2,292,292,180,116.9,29.8
Viernes,Robert Zemeckis,drama,What Lies Beneath,21-07-00,DreamWorks,402.4,90,291.4,6.6,3.23,136,46.7,201.4,223.8,130,155.5,53.3
Viernes,Tim Story,acción,Fantastic Four,08-07-05,Fox,402.6,87.5,330.6,5.7,2.9,175.9,53.2,243.1,277.8,106,154.7,46.8
Viernes,Matthew Vaughn,acción,Kingsman: The Secret Service,13-02-15,Fox,403.8,81,403.8,7.9,3.66,275.5,68.2,322.8,398.5,129,128.2,31.8
Miércoles,"Ron Clements, John Musker",animación,The Little Mermaid,15-11-89,Buena Vista Studios,405.2,40,211.3,6.6,3.24,99.8,47.2,171.3,428.3,83,111.5,52.8
Viernes,Rob Marshall,comedia,Chicago,27-12-02,MiraMax,405.6,30,306.8,7.2,3.58,136.1,44.4,276.8,922.7,113,170.7,55.6
Viernes,Bryan Singer,acción,X-Men,14-07-00,Fox,409.2,200,296.3,7.4,3.59,139,46.9,96.3,48.2,131,157.3,53.1
Viernes,Frank Darabont,crimen,The Green Mile,10-12-99,WB,409.4,60,286.8,8.5,3.99,150,52.3,226.8,378,189,136.8,47.7
Viernes,Joe Johnston,aventura,Jumanji,15-12-95,Sony,410.1,65,262.8,6.8,3.22,162.3,61.8,197.8,304.3,104,100.5,38.2
Viernes,Rupert Sanders,acción,Snow White and the Huntsman,01-06-12,Universal,410.8,170,396.6,6.1,2.99,241.3,60.8,226.6,133.3,127,155.3,39.2
Jueves,Joseph McGinty Nichol,acción,Terminator Salvation,21-05-09,WB,411.7,200,371.4,6.7,3.27,246,66.3,171.4,85.7,115,125.3,33.7
Viernes,Rob Reiner,suspenso,A Few Good Men,11-12-92,Colombia Pictures,412.2,33,243.2,7.6,3.81,101.9,41.9,210.2,637,138,141.3,58.1
Viernes,"Kevin Reynolds, Kevin Costner",acción,Waterworld,28-07-95,Universal,412.3,175,264.2,6.1,2.86,176,66.6,89.2,51,136,88.2,33.4
Viernes,Ivan Reitman,acción,Ghostbusters II,16-06-89,Colombia Pictures,413.1,37,215.4,6.5,2.98,102.9,47.8,178.4,482.2,108,112.5,52.2
Viernes,Gavin Hood,acción,X-Men Origins: Wolverine,01-05-09,Fox,413.6,150,373.1,6.7,3.33,193.2,51.8,223.1,148.7,107,179.9,48.2
Viernes,Tim Hill,animación,Alvin and the Chipmunks,14-12-07,Fox,414.5,55,361.3,5.3,2.54,144,39.9,306.3,556.9,92,217.3,60.1
Viernes,Cameron Crowe,comedia,Jerry Maguire,13-12-96,Sony,414.7,50,273.6,7.3,3.63,119.6,43.7,223.6,447.2,139,154,56.3
Viernes,Tom Shadyac,comedia,The Nutty Professor,28-06-96,Universal,415.3,55,274,5.5,2.91,145.1,53,219,398.2,95,128.8,47
Miércoles,Jay Roach,comedia,Meet the Parents,22-12-04,Universal,415.9,60,330.4,7,3.46,164.2,49.7,270.4,450.7,115,166.2,50.3
Viernes,Richard Donner,acción,Lethal Weapon 4,10-07-98,WB,416.4,140,285.4,6.6,3.12,155,54.3,145.4,103.9,127,130.4,45.7
Miércoles,"Danny Boyle, Loveleen Tandan",drama,Slumdog Millionaire,12-11-08,Fox Searchlight Pictures,417.4,14,377.9,8,3.96,236.6,62.6,363.9,2599.3,120,141.3,37.4
Viernes,Ridley Scott,aventura,Prometheus,08-06-12,Fox,417.8,125,403.4,7,3.43,276.9,68.6,278.4,222.7,124,126.5,31.4
Viernes,Guillermo del Toro,acción,Pacific Rim,12-07-13,WB,419.6,190,411,6.1,2.78,309.2,75.2,221,116.3,131,101.8,24.8
Viernes,Renny Harlin,acción,Cliffhanger,28-05-93,TriStar,419.7,65,255,6.4,3.07,171,67,190,292.3,113,84,33
Viernes,Ron Howard,biografía,A Beautiful Mind,21-12-01,Universal,421,78,313.5,8.2,3.93,142.8,45.5,235.5,301.9,135,170.7,54.5
Viernes,John Madden,comedia,Shakespeare in Love,11-12-98,MiraMax,422.1,26,289.3,7.2,3.84,189,65.3,263.3,1012.7,123,100.3,34.7
Viernes,"Conrad Vernon, Rob Letterman",animación,Monsters Vs. Aliens,27-03-09,Pacific Data/DreamWorks,422.9,175,381.5,6.6,3.29,183.2,48,206.5,118,94,198.4,52
Miércoles,"Carlos Saldanha, Michael Thurmeier",animación,Ice Age,01-07-09,Fox,424.9,90,383.3,7.6,3.61,206.9,54,293.3,325.9,94,176.4,46
Sábado,Chris Weitz,aventura,The Golden Compass,01-12-07,New Line Cinema,427,205,372.2,6.1,3.18,302.1,81.2,167.2,81.6,113,70.1,18.8
Viernes,Joe Johnston,aventura,"Honey, I Shrunk the Kids",23-06-89,Buena Vista Studios,427.1,18,222.7,6.2,2.69,92,41.3,204.7,1137.2,93,130.7,58.7
Viernes,J. J. Abrams,ciencia ficción,Star Trek,08-05-09,Paramount Pictures,427.5,140,385.7,8,3.97,128,33.2,245.7,175.5,127,257.7,66.8
Viernes,Rob Minkoff,aventura,Stuart Little,17-12-99,Sony,428.4,133,300.1,5.9,2.91,160.1,53.3,167.1,125.6,84,140,46.7
Viernes,Catherine Hardwicke,drama,Twilight,21-11-08,Summit Entertainment,433.6,37,392.6,5.2,2.76,199.8,50.9,355.6,961.1,122,192.8,49.1
Viernes,Ivan Reitman,comedia,Twins,09-12-88,Universal,435.4,15,216.6,5.9,2.82,104.7,48.3,201.6,1344,105,111.9,51.7
Viernes,Joseph Kosinski,acción,Tron Legacy,17-12-10,Buena Vista Studios,436.3,200,400.1,6.8,3.38,228,57,200.1,100.1,125,172.1,43
Miércoles,Renny Harlin,acción,Die Hard 2: Die Harder,04-07-90,Fox,436.7,70,240,7.1,3.42,122.5,51,170,242.9,124,117.5,49
Viernes,Richard Donner,acción,Lethal Weapon 2,07-07-89,WB,437.1,25,227.9,7.2,3.29,80.6,35.4,202.9,811.6,114,147.3,64.6
Viernes,Alex Proyas,ciencia ficción,"I, Robot",16-07-04,Fox,437.1,105,347.2,7.1,3.46,202.4,58.3,242.2,230.7,115,144.8,41.7
Viernes,Jon Turteltaub,aventura,National Treasure,19-11-04,Buena Vista Studios,437.5,100,347.5,6.9,3.42,174.5,50.2,247.5,247.5,131,173,49.8
Miércoles,Adrian Lyne,drama,Indecent Proposal,07-04-93,Paramount Pictures,438.7,38,266.6,5.8,2.85,160,60,228.6,601.6,117,106.6,40
Miércoles,Len Wiseman,acción,Live Free or Die Hard,27-06-07,Fox,439.9,110,383.5,7.2,3.58,249,64.9,273.5,248.6,128,134.5,35.1
Martes,Quentin Tarantino,aventura,Django Unchained,25-12-12,Weinstein Company,440.6,100,425.4,8.5,4.04,262.6,61.7,325.4,325.4,165,162.8,38.3
Viernes,Brad Peyton,acción,San Andreas,29-05-15,WB,441.2,110,441.2,6.6,2.84,299.2,67.8,331.2,301.1,114,142,32.2
Viernes,Garry Marshall,comedia,Runaway Bride,30-07-99,Paramount Pictures,441.8,70,309.5,6.6,3.46,157.2,50.8,239.5,342.1,116,152.3,49.2
Viernes,Rob Cohen,acción,The Mummy: Tomb of the Dragon Emperor,01-08-08,Universal,443,175,401.1,5.2,2.63,298.6,74.4,226.1,129.2,112,102.5,25.6
Viernes,P. J. Hogan,comedia,My Best Friend's Wedding,20-06-97,Sony,443.5,46,299.3,7.1,3.33,172.2,57.5,253.3,550.7,105,127.1,42.5
Viernes,"Barry Cook, Tony Bancroft",animación,Mulan,19-06-98,Buena Vista Studios,444,90,304.3,7.5,2.84,183.7,60.4,214.3,238.1,88,120.6,39.6
Miércoles,Sydney Pollack,suspenso,The Firm,30-06-93,Paramount Pictures,444.7,42,270.2,6.8,3.5,111.9,41.4,228.2,543.3,154,158.3,58.6
Jueves,Robert Zemeckis,acción,Back to the Future Part III,24-05-90,Universal,444.9,40,244.5,7.4,3.24,156.8,64.1,204.5,511.3,118,87.7,35.9
Jueves,Jay Roach,comedia,Austin Powers: The Spy Who Shagged Me,10-06-99,New Line Cinema,445.3,35,312,6.6,3.21,106,34,277,791.4,95,206,66
Viernes,Emile Ardolino,drama,Dirty Dancing,21-08-87,Vestron Pictures,448,6,214,6.8,3.22,150,70.1,208,3466.7,100,64,29.9
Viernes,Andy Tennant,comedia,Hitch,11-02-05,Sony,448.2,55,368.1,8.2,3.94,188.6,51.2,313.1,569.3,118,179.5,48.8
Viernes,Tom Shadyac,comedia,Liar Liar,21-03-97,Universal,448.5,45,302.7,6.8,3.21,121.3,40.1,257.7,572.7,86,181.4,59.9
Viernes,"Brad Silberling, Phil Nibbelink",comedia,Casper,26-05-95,Universal,449.2,55,287.9,6,2.9,187.6,65.2,232.9,423.5,100,100.3,34.8
Miércoles,"Olivier Nakache, Eric Toledano",drama,The Intouchables,02-11-11,Weinstein Company,451,10,426.6,8.6,4.14,416.4,97.6,416.6,4166,112,10.2,2.4
Viernes,Tom Hooper,biografía,The King's Speech,26-11-10,Weinstein Company,451.7,15,414.2,8.1,4.02,275.4,66.5,399.2,2661.3,118,138.8,33.5
Viernes,Tim Burton,acción,Batman Returns,19-06-92,WB,452.2,80,266.8,7,3.09,104,39,186.8,233.5,126,162.8,61
Viernes,Peter Weir,drama,Dead Poets Society,02-06-89,Buena Vista Studios,452.4,16.4,235.9,8,3.89,140,59.4,219.5,1338.4,128,95.9,40.6
Viernes,"George Miller, Warren Coleman, Judy Morris",animación,Happy Feet,17-11-06,WB,453.3,85,384.3,6.5,3.13,186.3,48.5,299.3,352.1,108,198,51.5
Viernes,Michael Apted,aventura,The Chronicles of Narnia: The Voyage of the Dawn Treader,10-12-10,Fox,453.3,155,415.7,6.4,3.36,311.3,74.9,260.7,168.2,113,104.4,25.1
Viernes,Wolfgang Petersen,acción,The Perfect Storm,30-06-00,WB,453.9,120,328.7,6.4,3.08,146.1,44.4,208.7,173.9,130,182.6,55.6
Miércoles,Christopher Nolan,acción,Batman Begins,15-06-05,WB,455.6,150,374.2,8.3,3.97,167.4,44.7,224.2,149.5,140,206.9,55.3
Viernes,Steven Soderbergh,suspenso,Ocean's Twelve,10-12-04,WB,456.6,85,362.7,6.4,3.25,237.2,65.4,277.7,326.7,125,125.5,34.6
Martes,Tom Hooper,drama,Les Miserables (2012),25-12-12,Universal,457.6,61,441.8,6,2.92,293,66.3,380.8,624.3,158,148.8,33.7
Viernes,Shawn Levy,comedia,Night at the Museum: Battle of the Smithsonian,22-05-09,Fox,457.9,150,413.1,5.9,3.01,235.9,57.1,263.1,175.4,104,177.2,42.9
Viernes,Michael Patrick King,comedia,Sex and the City,30-05-08,WB/New Line,458.7,57.5,415.3,6.9,2.93,262.6,63.2,357.8,622.3,145,152.6,36.8
Viernes,Gavin Hood,acción,The Wolverine,01-05-09,Fox,459.8,150,414.8,6.7,3.24,282.3,68,264.8,176.5,107,132.6,32
Viernes,Luc Besson,acción,Lucy,25-07-14,Universal,461,40,458.9,6.4,3.05,332.2,72.4,418.9,1047.3,89,126.7,27.6
Miércoles,Bryan Singer,acción,Superman Returns,28-06-06,WB,461.3,232,391.1,6.1,3.12,191,48.8,159.1,68.6,154,200.1,51.2
Viernes,"Bibo Bergeron, Rob Letterman, Vicky Jenson",animación,Shark Tale,01-10-04,DreamWorks,462.4,75,367.3,6,2.91,206.4,56.2,292.3,389.7,90,160.9,43.8
Viernes,Andrew Adamson,acción,The Chronicles of Narnia: Prince Caspian,16-05-08,Buena Vista Studios,463.6,225,419.7,6.6,3.31,278,66.3,194.7,86.5,150,141.6,33.7
Miércoles,Steven Spielberg,biografía,Catch Me If You Can,25-12-02,DreamWorks,465.4,52,352.1,8,3.85,187.5,53.2,300.1,577.1,141,164.6,46.8
Miércoles,James L. Brooks,comedia,As Good as It Gets,24-12-97,Sony,465.5,50,314.2,7.8,3.79,165.7,52.7,264.2,528.4,139,148.5,47.3
Viernes,Brett Ratner,comedia,Rush Hour 2,03-08-01,New Line Cinema,466.3,90,347.3,6.6,3.23,121.2,34.9,257.3,285.9,90,226.2,65.1
Viernes,Wolfgang Petersen,acción,Air Force One,25-07-97,Sony,467,85,315.2,6.4,3.33,142.2,45.1,230.2,270.8,124,173,54.9
Viernes,Ron Howard,suspenso,Ransom,08-11-96,Buena Vista Studios,469.1,70,309.5,5.4,2.88,173,55.9,239.5,342.1,121,136.5,44.1
Viernes,J. J. Abrams,acción,Mission: Impossible III,05-05-06,Paramount Pictures,469.4,150,397.9,6.8,3.31,263.8,66.3,247.9,165.3,126,134,33.7
Viernes,"Phil Lord, Chris Miller",animación,The LEGO Movie,07-02-14,WB,470.9,60,468.8,7.8,3.75,211,45,408.8,681.3,100,257.8,55
Viernes,Ridley Scott,suspenso,Hannibal,09-02-01,MGM,472.3,87,351.7,8.7,3.15,186.6,53.1,264.7,304.3,131,165.1,46.9
Viernes,Steven Spielberg,ciencia ficción,Minority Report,21-06-02,Fox,473.8,102,358.4,7.7,3.66,226.3,63.1,256.4,251.4,145,132.1,36.9
Viernes,Kenneth Branagh,acción,Thor,06-05-11,Paramount Pictures,475,150,449.3,7,3.51,268.3,59.7,299.3,199.5,115,181,40.3
Viernes,Paul Verhoeven,acción,Total Recall,01-06-90,Sony,475.4,65,261.3,7.5,3.18,141.9,54.3,196.3,302,113,119.4,45.7
Jueves,Jonathan Demme,suspenso,The Silence of the Lambs,14-02-91,Orion,476.1,20,272.7,8.6,4.18,142,52.1,252.7,1263.5,118,130.7,47.9
Viernes,Ron Howard,comedia,How the Grinch Stole Christmas,17-11-00,Universal,476.6,123,345.1,6,2.91,85.1,24.7,222.1,180.6,104,260,75.3
Miércoles,J. J. Abrams,acción,Star Trek Into Darkness,15-05-13,Paramount Pictures,477.1,190,467.4,7.8,3.82,238.6,51.1,277.4,146,132,228.8,48.9
Miércoles,"John Cornell, Mark Turnbull",acción,Crocodile Dundee II,25-05-88,Paramount Pictures,481.6,14,239.6,5.5,2.57,130.3,54.4,225.6,1611.4,108,109.3,45.6
Viernes,"Eric Leighton, Ralph Zondag",animación,Dinosaur,19-05-00,Buena Vista Studios,483.1,127.5,349.8,6.4,3.12,212.1,60.6,222.3,174.4,82,137.7,39.4
Miércoles,Stephen Herek,animación,101 Dalmatians (1996),27-11-96,Buena Vista Studios,486.1,75,320.7,5.6,3.1,184.5,57.5,245.7,327.6,103,136.2,42.5
Viernes,Tim Burton,acción,Planet of the Apes (2001),27-07-01,Fox,486.4,100,362.2,5.7,2.74,182.2,50.3,262.2,262.2,119,180,49.7
Viernes,Jonathan Liebesman,acción,Teenage Mutant Ninja Turtles (2014),08-08-14,Paramount Pictures,487.2,125,485,7.9,3.84,293.8,60.6,360,288,101,191.2,39.4
Viernes,Joel Zwick,comedia,My Big Fat Greek Wedding,19-04-02,IFC,487.4,5,368.7,6.6,3.46,127.3,34.5,363.7,7274,95,241.4,65.5
Viernes,Rob Cohen,acción,Fast and Furious,22-06-01,Universal,487.7,38,363.2,6.7,2.88,208.1,57.3,325.2,855.8,106,155.1,42.7
Viernes,Rich Moore,animación,Wreck-It Ralph,02-11-12,Buena Vista Studios,488.1,165,471.2,7.8,3.82,281.8,59.8,306.2,185.6,101,189.4,40.2
Miércoles,Betty Thomas,animación,Alvin and the Chipmunks: The Squeakquel,23-12-09,Fox,491.2,70,443.1,4.4,2.13,223.5,50.4,373.1,533,88,219.6,49.6
Viernes,"Gary Trousdale, Kirk Wise",animación,The Hunchback of Notre Dame,21-06-96,Buena Vista Studios,493,100,325.3,6.8,3.3,225.2,69.2,225.3,225.3,91,100.1,30.8
Viernes,Roger Spottiswoode,acción,Tomorrow Never Dies,19-12-97,MGM,493.4,110,333,6.5,3.23,207.7,62.4,223,202.7,119,125.3,37.6
Miércoles,Joe Johnston,acción,Jurassic Park III,18-07-01,Universal,495.2,93,368.8,5.9,2.65,187.6,50.9,275.8,296.6,92,181.2,49.1
Viernes,Carlos Saldanha,animación,Rio 2,11-04-14,Fox,502.5,130,500.2,6.4,3.08,368.7,73.7,370.2,284.8,101,131.5,26.3
Viernes,Sam Raimi,aventura,Oz The Great and Powerful,08-03-13,Buena Vista Studios,503.6,200,493.3,6.4,2.99,258.4,52.4,293.3,146.7,130,234.9,47.6
Viernes,Michael Bay,acción,The Rock,07-06-96,Buena Vista Studios,507.9,75,335.1,7.4,3.7,201,60,260.1,346.8,136,134.1,40
Viernes,Paul Greengrass,acción,The Bourne Ultimatum,03-08-07,Universal,508,130,442.8,8.1,3.98,215.4,48.6,312.8,240.6,115,227.5,51.4
Miércoles,Sam Mendes,drama,American Beauty,15-09-99,DreamWorks,508.6,15,356.3,8.4,4.17,226.2,63.5,341.3,2275.3,122,130.1,36.5
Viernes,Rupert Wyatt,ciencia ficción,Rise of the Planet of the Apes,05-08-11,Fox,509.4,93,481.8,8.6,4.07,305,63.3,388.8,418.1,105,176.8,36.7
Viernes,Mimi Leder,acción,Deep Impact,08-05-98,Paramount Pictures,509.9,80,349.5,6.1,2.95,209,59.8,269.5,336.9,120,140.5,40.2
Viernes,David Fincher,crimen,Seven,22-09-95,New Line Cinema,510.7,30,327.3,8.7,4.05,227.2,69.4,297.3,991,127,100.1,30.6
Viernes,Carlos Saldanha,animación,Rio,15-04-11,Fox,512.3,90,484.6,7,3.36,341,70.4,394.6,438.4,96,143.6,29.6
Viernes,Michael Apted,acción,The World Is Not Enough,19-11-99,MGM,516.4,135,361.8,6.4,3.2,234.9,64.9,226.8,168,128,126.9,35.1
Viernes,Nancy Meyers,comedia,What Women Want,15-12-00,Paramount Pictures,516.6,65,374.1,6.4,3.14,191.3,51.1,309.1,475.5,127,182.8,48.9
Viernes,Todd Phillips,comedia,The Hangover,05-06-09,WB,518.2,35,467.5,7.8,3.77,190.2,40.7,432.5,1235.7,100,277.3,59.3
Viernes,Roger Michell,comedia,Notting Hill,28-05-99,Universal,519.4,42,363.9,7,3.45,247.8,68.1,321.9,766.4,124,116.1,31.9
Viernes,Zack Snyder,acción,300,09-03-07,WB,523.2,60,456.1,7.8,3.68,245.5,53.8,396.1,660.2,117,210.6,46.2
Viernes,Jon Turteltaub,acción,National Treasure: Book of Secrets,21-12-07,Buena Vista Studios,524.7,130,457.4,6.5,3.3,237.4,51.9,327.4,251.9,124,220,48.1
Viernes,Joel Schumacher,acción,Batman Forever,16-06-95,WB,525.1,100,336.5,5.4,2.92,152.5,45.3,236.5,236.5,121,184,54.7
Miércoles,Steven Spielberg,aventura,Hook,11-12-91,TriStar,525.4,70,300.9,6.7,3.18,181.2,60.2,230.9,329.9,144,119.7,39.8
Jueves,Bryan Singer,acción,X2: X-Men United,24-04-03,Fox,526.9,110,407.7,7.5,3.68,192.8,47.3,297.7,270.6,134,214.9,52.7
Miércoles,Steven Spielberg,biografía,Schindler's List,15-12-93,Universal,528.8,25,321.3,8.9,4.31,225.2,70.1,296.3,1185.2,195,96.1,29.9
Miércoles,John Lasseter,animación,A Bug's Life,25-11-98,Buena Vista Studios,530.2,120,363.4,7.2,3.61,200.6,55.2,243.4,202.8,96,162.8,44.8
Viernes,Gareth Edwards,acción,Godzilla (2014),16-05-14,WB,531.1,160,528.7,6.5,2.96,328,62,368.7,230.4,123,200.7,38
Viernes,Louis Leterrier,acción,Clash of the Titans,02-04-10,WB,537.9,125,493.2,5.8,2.8,330,66.9,368.2,294.6,106,163.2,33.1
Viernes,Ron Howard,suspenso,Angels & Demons,15-05-09,Sony,538.6,150,485.9,6.7,3.28,352.6,72.6,335.9,223.9,138,133.4,27.4
Viernes,Kenneth Branagh,drama,Cinderella,13-03-15,Buena Vista Studios,539,95,539,7.3,3.48,338.7,62.8,444,467.4,105,200.3,37.2
Viernes,M. Night Shyamalan,drama,Signs,02-08-02,Buena Vista Studios,539.6,70.7,408.2,6.7,3.27,180.3,44.2,337.5,477.4,106,228,55.8
Miércoles,"Bobby Farrelly, Peter Farrelly",comedia,There's Something About Mary,15-07-98,Fox,539.7,22,369.9,7.1,3.55,193.4,52.3,347.9,1581.4,119,176.5,47.7
Viernes,"Chris Sanders, Dean DeBlois",animación,How to Train Your Dragon,26-03-10,Pacific Data/DreamWorks,539.7,165,494.9,8.2,4.01,277.3,56,329.9,199.9,98,217.6,44
Viernes,"Mike Babriel, Eric Goldberg",animación,Pocahontas,23-06-95,Buena Vista Studios,540.1,75,346.1,6.6,2.94,204.5,59.1,271.1,361.5,81,141.6,40.9
Viernes,Brett Ratner,acción,X-Men: The Last Stand,26-05-06,Fox,541.9,150,459.4,6.8,3.36,225,49,309.4,206.3,104,234.4,51
Viernes,"John Lasseter, Joe Ranft",animación,Cars,09-06-06,Buena Vista Studios,545,70,462,7.2,3.51,217.9,47.2,392,560,117,244.1,52.8
Viernes,Richard Donner,acción,Lethal Weapon 3,15-05-92,WB,545.3,35,321.7,6.7,3.28,177,55,286.7,819.1,118,144.7,45
Viernes,Brian Levant,comedia,The Flintstones,27-05-94,Universal,548.1,45,341.6,4.8,2.43,211.1,61.8,296.6,659.1,91,130.5,38.2
Viernes,Martin Campbell,acción,GoldenEye,17-11-95,MGM,549.6,60,352.2,7.2,3.44,245.8,69.8,292.2,487,130,106.4,30.2
Jueves,Clint Eastwood,acción,American Sniper,25-12-14,WB,549.6,58,547.1,7.4,3.5,197,36,489.1,843.3,132,350.1,64
Viernes,Marc Forster,ciencia ficción,World War Z,21-06-13,Paramount Pictures,551.2,190,540,7,3.36,337.6,62.5,350,184.2,116,202.4,37.5
Miércoles,"Andy Wachowski, Lana Wachowski",ciencia ficción,The Matrix Revolutions,05-11-03,WB,552.3,110,427.3,6.7,3.15,288,67.4,317.3,288.5,129,139.3,32.6
Miércoles,Gareth Edwards,acción,Godzilla,20-05-98,Sony,552.9,160,379,6.5,2.96,242.7,64,219,136.9,123,136.3,36
Viernes,Ron Howard,aventura,Apollo 13,30-06-95,Universal,554.3,65,355.2,7.6,3.88,181.4,51.1,290.2,446.5,140,173.8,48.9
Viernes,Richard Stanley,drama,Brave,22-06-12,Buena Vista Studios,558.3,185,539,7.2,3.59,301.7,56,354,191.4,50,237.3,44
Viernes,Stephen Sommers,acción,The Mummy,04-05-01,Universal,558.5,98,415.9,7,1.5,260.5,62.6,317.9,324.4,130,155.4,37.4
Martes,Jonathan Mostow,acción,Terminator 3: Rise of the Machines,01-07-03,WB,560.1,170,433.4,6.4,3.12,283,65.3,263.4,154.9,109,150.4,34.7
Viernes,Greg MacGillivray,acción,Speed,10-06-94,Fox,562.3,30,350.4,7.2,3.5,229.2,65.4,320.4,1068,30,121.2,34.6
Viernes,Charles Russell,comedia,The Mask,29-07-94,New Line Cinema,564.2,23,351.6,6.8,3.18,231.6,65.9,328.6,1428.7,101,119.9,34.1
Miércoles,John Lasseter,animación,Toy Story,22-11-95,Buena Vista Studios,564.9,30,362,8.3,3.92,170.2,47,332,1106.7,80,191.8,53
Viernes,Seth MacFarlane,comedia,Ted,29-06-12,Universal,569,50,549.4,7,3.35,330.6,60.2,499.4,998.8,106,218.8,39.8
Viernes,Amy Heckerling,romántica,Look Who's Talking,13-10-89,TriStar,569.6,7.5,297,5.8,2.67,156.9,52.8,289.5,3860,93,140.1,47.2
Viernes,Sam Taylor-Wood,drama,Fifty Shades of Grey,13-02-15,Universal,569.7,40,569.7,4.2,1.95,403.5,70.8,529.7,1324.3,125,166.2,29.2
Viernes,Lee Tamahori,acción,Die Another Day,22-11-02,MGM,571,142,432,6.1,3.14,271,62.7,290,204.2,133,160.9,37.3
Viernes,John McTiernan,acción,Die Hard: With A Vengeance,19-05-95,Fox,571.3,90,366.1,7.6,3.49,266.1,72.7,276.1,306.8,131,100,27.3
Viernes,Andrew Stanton,animación,WALL-E,27-06-08,Buena Vista Studios,575.8,180,521.3,8.4,4.04,297.5,57.1,341.3,189.6,98,223.8,42.9
Viernes,Guy Ritchie,acción,Sherlock Holmes: A Game of Shadows,16-12-11,WB,576.6,125,545.4,7.5,3.8,358.6,65.7,420.4,336.3,129,186.8,34.3
Viernes,Shawn Levy,aventura,Night at the Museum,19-12-14,Fox,577.1,127,574.5,6.4,3.13,323.6,56.3,447.5,352.4,98,250.9,43.7
Viernes,Tim Burton,aventura,Charlie and the Chocolate Factory,15-07-05,WB,578.4,150,475,6.7,3.36,268.5,56.5,325,216.7,115,206.5,43.5
Miércoles,John Landis,comedia,Coming to America,29-06-88,Paramount Pictures,580.5,39,288.8,6.9,3.5,160.6,55.6,249.8,640.5,116,128.2,44.4
Viernes,Guy Ritchie,acción,Sherlock Holmes,25-12-09,WB,580.8,90,524,7.6,3.79,315,60.1,434,482.2,128,209,39.9
Viernes,Stephen Sommers,acción,The Mummy Returns,04-05-01,Universal,581.4,98,433,6.3,2.94,231,53.3,335,341.8,130,202,46.7
Viernes,Doug Liman,acción,Mr. & Mrs. Smith,10-06-05,Fox,582.3,110,478.2,6.5,3.26,291.9,61,368.2,334.7,120,186.3,39
Miércoles,Barry Sonnenfeld,acción,Men in Black II,03-07-02,Sony,584,140,441.8,7.6,3.61,251.4,56.9,301.8,215.6,88,190.4,43.1
Viernes,Chris Miller,animación,Puss in Boots,28-10-11,Pacific Data/DreamWorks,586.7,130,555,6.7,3.4,405.7,73.1,425,326.9,90,149.3,26.9
Viernes,Edward Zwick,acción,The Last Samurai,05-12-03,WB,590.4,120,456.8,7.7,3.7,345.6,75.7,336.8,280.7,154,111.1,24.3
Viernes,"Brad Lewis, John Lasseter",animación,Cars 2,24-06-11,Buena Vista Studios,591.9,200,559.9,6.3,3.05,368.4,65.8,359.9,180,106,191.5,34.2
Viernes,"Chris Renaud, Pierre Coffin",animación,Despicable Me,09-07-10,Universal,592.3,69,543.1,7.7,3.81,291.6,53.7,474.1,687.1,95,251.5,46.3
Viernes,Robert Zemeckis,aventura,Cast Away,22-12-00,Fox,593.3,85,429.6,7.7,3.62,196,45.6,344.6,405.4,143,233.6,54.4
Viernes,Raja Gosnell,animación,The Smurfs,29-07-11,Sony,595.9,110,563.7,5.5,2.43,421.1,74.7,453.7,412.5,103,142.6,25.3
Viernes,Paul Verhoeven,misterio,Basic Instinct,20-03-92,TriStar,598.2,49,352.9,6.9,3.35,235.2,66.6,303.9,620.2,127,117.7,33.4
Viernes,"Kirk DeMicco, Chris Sanders",animación,The Croods,22-03-13,Fox,599.4,135,587.2,7.3,3.41,400,68.1,452.2,335,98,187.2,31.9
Viernes,Michael Bay,acción,Pearl Harbor,25-05-01,Buena Vista Studios,603.2,151.5,449.2,6,2.85,250.7,55.8,297.7,196.5,183,198.5,44.2
Viernes,David Silverman,animación,The Simpsons Movie,27-07-07,Fox,604.7,72.5,527.1,7.4,3.51,343.9,65.3,454.6,627,87,183.1,34.7
Viernes,Lewis Milestone,suspenso,Ocean's Eleven,07-12-01,WB,605.2,85,450.7,7.8,3.79,267.3,59.3,365.7,430.2,127,183.4,40.7
Viernes,Andrew Davis,acción,The Fugitive,06-08-93,WB,607.1,44,368.9,7.8,3.99,185,50.2,324.9,738.4,130,183.9,49.8
Viernes,James Cameron,acción,True Lies,15-07-94,Fox,608,100,378.9,7.2,3.5,232.6,61.4,278.9,278.9,141,146.3,38.6
Viernes,Chris Columbus,comedia,Home Alone 2: Lost in New York,20-11-92,Fox,608.5,20,359,6.5,2.52,185.4,51.6,339,1695,120,173.6,48.4
Jueves,Todd Phillips,comedia,The Hangover Part II,26-05-11,WB,620.4,80,586.8,6.5,3.09,332.3,56.6,506.8,633.5,102,254.5,43.4
Viernes,Dean DeBlois,animación,How to Train Your Dragon 2,13-06-14,Fox,621.7,145,618.9,7.9,3.73,441.9,71.4,473.9,326.8,102,177,28.6
Viernes,Wolfgang Petersen,acción,Troy,14-05-04,WB,626.2,150,497.4,7.2,3.32,364,73.2,347.4,231.6,163,133.4,26.8
Viernes,Tom Shadyac,comedia,Bruce Almighty,23-05-03,Universal,626.3,81,484.6,6.7,3.22,241.8,49.9,403.6,498.3,101,242.8,50.1
Miércoles,Tony Scott,acción,Beverly Hills Cop II,20-05-87,Paramount Pictures,628,20,300,6.4,3.07,146.3,48.8,280,1400,100,153.7,51.2
Miércoles,Ang Lee,aventura,Life of Pi,21-11-12,Fox,630.8,120,609,8,3.8,484,79.5,489,407.5,127,125,20.5
Viernes,Ridley Scott,acción,Gladiator,05-05-00,DreamWorks,631.9,103,457.6,8.5,3.96,269.9,59,354.6,344.3,155,187.7,41
Miércoles,John Woo,acción,Mission: Impossible,24-05-00,Paramount Pictures,632.1,120,457.7,7.1,3.39,276.7,60.5,337.7,281.4,123,181,39.5
Miércoles,Robert Zemeckis,aventura,Back to the Future Part II,22-11-89,Universal,636.7,40,332,7.8,3.44,213.5,64.3,292,730,108,118.5,35.7
Miércoles,"Kevin Lima, Chris Buck",animación,Tarzan,16-06-99,Buena Vista Studios,639.8,130,448.2,7.2,3.46,277.1,61.8,318.2,244.8,88,171.1,38.2
Miércoles,"Byron Howard, Nathan Greno",animación,Tangled,24-11-10,Buena Vista Studios,645.4,260,591.8,7.8,3.85,391,66.1,331.8,127.6,100,200.8,33.9
Viernes,Barry Sonnenfeld,acción,MIB 3,25-05-12,Sony,646.3,215,624,6.9,3.41,445,71.3,409,190.2,106,179,28.7
Viernes,Jon Favreau,acción,Iron Man,02-05-08,Paramount Pictures,646.4,186,585.2,7.9,3.92,266.8,45.6,399.2,214.6,126,318.4,54.4
Viernes,Marc Forster,acción,Quantum of Solace,14-11-08,Sony,647.4,230,586.1,6.7,3.38,417.7,71.3,356.1,154.8,106,168.4,28.7
Viernes,"Tom McGrath, Eric Darnell",animación,Madagascar,27-05-05,DreamWorks,648.6,75,532.7,6.9,3.1,339.1,63.7,457.7,610.3,86,193.6,36.3
Miércoles,Jay Roach,comedia,Meet the Fockers,22-12-04,Universal,650.3,60,516.6,6.3,3.11,237.4,45.9,456.6,761,115,279.3,54.1
Viernes,"Andrew Adamson, Vicky Jenson",animación,Shrek,18-05-01,DreamWorks,650.4,50,484.4,7.9,3.85,216.7,44.7,434.4,868.8,90,267.7,55.3
Viernes,"Christopher Williams, Don Hall",animación,Big Hero 6,07-11-14,Buena Vista Studios,655,165,652.1,7.9,3.82,429.6,65.9,487.1,295.2,102,222.5,34.1
Viernes,Alan Taylor,acción,Thor: The Dark World,08-11-13,Buena Vista Studios,658.2,170,644.8,7.1,3.51,438.4,68,474.8,279.3,112,206.4,32
Miércoles,"Andy Wachowski, Lana Wachowski",acción,The Matrix,31-03-99,WB,661.6,65,463.5,8.7,4.19,292,63,398.5,613.1,136,171.5,37
Viernes,Justin Lin,acción,Fast Five,29-04-11,Universal,661.9,125,626.1,7.3,3.44,416.3,66.5,501.1,400.9,130,209.8,33.5
Miércoles,Robert Zemeckis,animación,Who Framed Roger Rabbit,22-06-88,Buena Vista Studios,663,70,329.8,7.7,3.52,173.4,52.6,259.8,371.1,104,156.5,47.4
Miércoles,George P. Cosmatos,acción,Rambo: First Blood Part II,22-05-85,TriStar,663.9,44,300.4,6.4,2.8,150,49.9,256.4,582.7,96,150.4,50.1
Miércoles,Sylvester Stallone,acción,Rocky IV,27-11-85,UA Entertainment,664.1,28,300.5,6.7,2.82,172.6,57.4,272.5,973.2,91,127.9,42.6
Viernes,"Tom McGrath, Eric Darnell",animación,Madagascar: Escape 2 Africa,07-11-08,Pacific Data/DreamWorks,667,150,603.9,6.7,3.34,423.9,70.2,453.9,302.6,89,180,29.8
Viernes,Adrian Lyne,drama,Fatal Attraction,18-09-87,Paramount Pictures,670.1,14,320.1,6.9,3.44,163.5,51.1,306.1,2186.4,119,156.6,48.9
Miércoles,Peter Jackson,aventura,King Kong,14-12-05,Universal,670.3,207,550.5,7.3,3.34,332.4,60.4,343.5,165.9,187,218.1,39.6
Viernes,Francis Lawrence,drama,I Am Legend,14-12-07,WB,671.4,150,585.3,7.2,3.5,329,56.2,435.3,290.2,101,256.4,43.8
Viernes,Phyllida Lloyd,comedia,Mamma Mia!,18-07-08,Universal,673.5,52,609.8,6.4,3.17,465.7,76.4,557.8,1072.7,108,144.1,23.6
Viernes,Ivan Reitman,aventura,Ghostbusters,08-06-84,Colombia Pictures,675.7,30,295.2,6.9,3.74,53,18,265.2,884,105,242.2,82
Miércoles,Christopher Nolan,ciencia ficción,Interstellar,05-11-14,Paramount Pictures,675.7,165,672.7,8.7,4.05,484.7,72.1,507.7,307.7,169,188,27.9
Viernes,Jon Favreau,acción,Iron Man 2,07-05-10,Paramount Pictures,680.4,170,623.9,7.1,3.61,311.5,49.9,453.9,267,124,312.4,50.1
Viernes,Kevin Reynolds,acción,Robin Hood: Prince of Thieves,14-06-91,WB,681.8,50,390.5,6.9,3.28,225,57.6,340.5,681,143,165.5,42.4
Viernes,Zack Snyder,acción,Man of Steel,14-06-13,WB,681.9,225,668,7.2,3.4,377,56.4,443,196.9,143,291,43.6
Viernes,Roland Emmerich,ciencia ficción,The Day After Tomorrow,28-05-04,Fox,685.2,125,544.3,6.4,3.05,357.5,65.7,419.3,335.4,124,186.7,34.3
Viernes,Lewis Gilbert,acción,Moonraker,29-06-79,MGM,688.8,31,210.3,6.2,3.16,140,66.6,179.3,578.4,126,70.3,33.4
Miércoles,Peter Berg,acción,Hancock,02-07-08,Sony,689.7,150,624.4,6.5,3.22,396.4,63.5,474.4,316.3,92,227.9,36.5
Viernes,"John Lasseter, Lee Unkrich, Ash Brannon",animación,Toy Story 2,19-11-99,Buena Vista Studios,692.3,90,485,5.9,2.53,239.2,49.3,395,438.9,92,245.9,50.7
Miércoles,Mick Jackson,romántica,The Bodyguard,25-11-92,WB,696.6,25,411,7,3.34,289,70.3,386,1544,129,122,29.7
Jueves,Jennifer Yuh Nelson,animación,Kung Fu Panda,05-06-08,Pacific Data/DreamWorks,697.7,130,631.7,7.6,3.72,416.3,65.9,501.7,385.9,92,215.4,34.1
Viernes,Steven Spielberg,acción,Saving Private Ryan,24-07-98,DreamWorks,702.9,65,481.8,7.6,3.65,265.3,55.1,416.8,641.2,169,216.5,44.9
Jueves,Jennifer Yuh Nelson,animación,Kung Fu Panda 2,26-05-11,Pacific Data/DreamWorks,703.8,150,665.7,7.3,3.57,500.4,75.2,515.7,343.8,90,165.2,24.8
Viernes,Martin Campbell,acción,Casino Royale,17-11-06,Sony,706.6,102,599,8,3.85,431.6,72,497,487.3,144,167.4,28
Viernes,Matt Reeves,acción,Dawn of the Planet of the Apes,11-07-14,Fox,712,170,708.8,7.7,3.61,500.3,70.6,538.8,316.9,130,208.5,29.4
Viernes,Peter Faiman,aventura,Crocodile Dundee,26-09-86,Paramount Pictures,712.1,5,328.2,6.5,3.12,153.4,46.7,323.2,6464,93,174.8,53.3
Viernes,Marc Webb,acción,The Amazing Spider-Man 2,02-05-14,Sony,712.2,200,709,6.8,3.22,506.1,71.4,509,254.5,142,202.9,28.6
Viernes,Barry Levinson,drama,Rain Man,16-12-88,MGM,713.2,25,354.8,8,3.91,182,51.3,329.8,1319.2,133,172.8,48.7
Viernes,"Brad Bird, Jan Pinkava",animación,Ratatouille,29-06-07,Buena Vista Studios,715.5,150,623.7,8,3.88,417.3,66.9,473.7,315.8,111,206.4,33.1
Viernes,Gary Ross,acción,The Hunger Games,23-03-12,Lionsgate,715.9,80,691.2,7.3,3.71,283.2,41,611.2,764,142,408,59
Viernes,"Joe Russo, Anthony Russo",acción,Captain America: The Winter Soldier,04-04-14,Buena Vista Studios,718,170,714.8,7.8,3.72,455,63.7,544.8,320.5,136,259.8,36.3
Miércoles,Steven Spielberg,acción,War of the Worlds,29-06-05,Paramount Pictures,720.5,132,591.7,6.5,3.15,357.5,60.4,459.7,348.3,116,234.3,39.6
Miércoles,Martin Brest,acción,Beverly Hills Cop,05-12-84,Paramount Pictures,724.2,15,316.4,7.3,3.54,81.6,25.8,301.4,2009.3,105,234.8,74.2
Miércoles,Chris Columbus,comedia,Mrs. Doubtfire,24-11-93,Fox,726.3,25,441.3,8,3.73,222.1,50.3,416.3,1665.2,125,219.2,49.7
Viernes,Alfonso Cuar„n,drama,Gravity,04-10-13,WB,731.3,110,716.4,7.9,3.75,442.3,61.7,606.4,551.3,91,274.1,38.3
Viernes,Brad Bird,acción,Mission: Impossible - Ghost Protocol,16-12-11,Paramount Pictures,734.4,145,694.7,7.4,3.64,485.3,69.9,549.7,379.1,133,209.4,30.1
Miércoles,"Gary Trousdale, Kirk Wise",animación,Beauty and the Beast,13-11-91,Buena Vista Studios,742,20,425,7.2,3.67,206,48.5,405,2025,84,219,51.5
Viernes,Jan de Bont,acción,Twister,10-05-96,WB,749.5,88,494.5,6.3,3.23,252.8,51.1,406.5,461.9,113,241.7,48.9
Viernes,Bryan Singer,acción,X-Men: Days of Future Past,23-05-14,Fox,751.5,200,748.1,8.1,3.82,514.2,68.7,548.1,274.1,131,233.9,31.3
Viernes,Bill Condon,aventura,The Twilight Saga: Breaking Dawn Part 1,18-11-11,Summit Entertainment,752.9,127.5,712.2,5.6,2.49,430.9,60.5,584.7,458.6,117,281.3,39.5
Miércoles,John Woo,acción,Mission: Impossible II,24-05-00,Paramount Pictures,754.6,120,546.4,6,2.96,331,60.6,426.4,355.3,123,215.4,39.4
Viernes,Francis Lawrence,aventura,The Hunger Games: Mockingjay - Part 1,21-11-14,Lionsgate,755.5,125,752.1,6.8,3.47,415,55.2,627.1,501.7,123,337.1,44.8
Viernes,"Pete Docter, Lee Unkrich, David Silverman",animación,"Monsters, Inc.",02-11-01,Buena Vista Studios,755.7,115,562.8,8.1,3.88,272.9,48.5,447.8,389.4,92,289.9,51.5
Viernes,Dan Scanlon,animación,Monsters University,21-06-13,Buena Vista Studios,759.1,200,743.6,7.4,3.65,475.1,63.9,543.6,271.8,104,268.5,36.1
Miércoles,David Slade,drama,The Twilight Saga: Eclipse,30-06-10,Summit Entertainment,761.8,68,698.5,4.9,2.67,398,57,630.5,927.2,124,300.5,43
Viernes,Robert Stromberg,acción,Maleficent,30-05-14,Buena Vista Studios,761.8,180,758.4,7,3.37,517,68.2,578.4,321.3,97,241.4,31.8
Miércoles,Steven Spielberg,acción,Indiana Jones and the Temple of Doom,23-05-84,Paramount Pictures,762.4,28,333.1,7.6,3.68,153.2,46,305.1,1089.6,118,179.9,54
Miércoles,Mel Gibson,drama,The Passion of the Christ,25-02-04,New Market Films,770.3,25,611.9,7.1,3.19,241.1,39.4,586.9,2347.6,127,370.8,60.6
Viernes,Kevin Costner,aventura,Dances with Wolves,09-11-90,Orion,771.8,19,424.2,8,3.74,240,56.6,405.2,2132.6,181,184.2,43.4
Viernes,"Eric Darnell, Conrad Vernon, Tom McGrath",animación,Madagascar 3: Europe's Most Wanted,08-06-12,Pacific Data/DreamWorks,773.6,145,746.9,7,3.32,530.5,71,601.9,415.1,93,216.4,29
Viernes,Tony Scott,acción,Top Gun,16-05-86,Paramount Pictures,774.2,15,356.8,6.8,3.41,177,49.6,341.8,2278.7,110,179.8,50.4
Viernes,James Gunn,acción,Guardians of the Galaxy,01-08-14,Buena Vista Studios,777.7,170,774.2,8.1,3.85,441,57,604.2,355.4,121,333.2,43
Viernes,Carlos Saldanha,animación,Ice Age: The Meltdown,31-03-06,Fox,779.6,75,660.9,6.9,3.35,465.6,70.4,585.9,781.2,91,195.3,29.6
Martes,Marc Webb,acción,The Amazing Spider-Man,03-07-12,Sony,785,230,757.9,7.1,3.22,495.9,65.4,527.9,229.5,136,262,34.6
Viernes,Chris Weitz,drama,The Twilight Saga: New Moon,20-11-09,Summit Entertainment,786.8,50,709.8,4.6,2.58,413.2,58.2,659.8,1319.6,130,296.6,41.8
Viernes,Tim Burton,acción,Batman,23-06-89,WB,788.8,48,411.3,7.6,3.38,160.2,38.9,363.3,756.9,126,251.2,61.1
Viernes,Brad Bird,animación,The Incredibles,05-11-04,Buena Vista Studios,794.9,92,631.4,8,3.91,370,58.6,539.4,586.3,115,261.4,41.4
Viernes,Justin Lin,acción,Fast & Furious 6,24-05-13,Universal,805.1,160,788.7,7.2,3.33,550,69.7,628.7,392.9,130,238.7,30.3
Miércoles,Michael Bay,acción,Armageddon,01-07-98,Buena Vista Studios,807.8,140,553.7,6.6,2.4,352.1,63.6,413.7,295.5,150,201.6,36.4
Viernes,Pete Docter,animación,Up,29-05-09,Buena Vista Studios,810.6,175,731.3,8.3,4.04,438.3,59.9,556.3,317.9,96,293,40.1
Martes,Michael Bay,acción,Transformers,03-07-07,Pacific Data/DreamWorks,814.1,151,709.7,7.1,3.33,390.5,55,558.7,370,144,319.2,45
Viernes,Mike Mitchell,animación,Shrek Forever After,21-05-10,Pacific Data/DreamWorks,820.8,165,752.6,6.4,3.27,513.9,68.3,587.6,356.1,93,238.7,31.7
Miércoles,Robert Zemeckis,aventura,Back to the Future,03-07-85,Universal,842.3,19,381.1,8.5,3.91,170.5,44.7,362.1,1905.8,116,210.6,55.3
Viernes,Garry Marshall,comedia,Pretty Woman,23-03-90,Buena Vista Studios,843.1,14,463.4,6.9,3.43,285,61.5,449.4,3210,119,178.4,38.5
Miércoles,Gore Verbinski,acción,Pirates of the Caribbean: The Curse of the Black Pearl,09-07-03,Buena Vista Studios,845.6,125,654.3,8.1,3.86,348.9,53.3,529.3,423.4,143,305.4,46.7
Viernes,Roland Emmerich,acción,2012,13-11-09,Sony,853.2,200,769.7,5.8,2.8,603.6,78.4,569.7,284.9,158,166.1,21.6
Miércoles,"Ron Clements, John Musker",animación,Aladdin,11-11-92,Buena Vista Studios,854.4,28,504.1,8,3.68,286.7,56.9,476.1,1700.4,90,217.4,43.1
Jueves,George Lucas,ciencia ficción,Star Wars: Episode II - Attack of the Clones,16-05-02,Fox,858.4,115,649.4,6.7,3.12,338.7,52.2,534.4,464.7,142,310.7,47.8
Viernes,Bill Condon,drama,The Twilight Saga: Breaking Dawn Part 2,16-11-12,Lionsgate/Summit,859.4,136.2,829.7,8.2,2.67,537.4,64.8,693.5,509.2,115,292.3,35.2
Viernes,Chris Columbus,aventura,Home Alone,16-11-90,Fox,867.3,15,476.7,7.4,3.09,190.9,40.1,461.7,3078,103,285.8,59.9
Jueves,Steven Spielberg,acción,Indiana Jones and the Kingdom of the Crystal Skull,22-05-08,Paramount Pictures,868.8,185,786.6,6.2,2.95,469.5,59.7,601.6,325.2,122,317.1,40.3
Miércoles,Barry Sonnenfeld,acción,Men in Black,02-07-97,Sony,873.3,90,589.4,7.2,3.56,338.7,57.5,499.4,554.9,98,250.7,42.5
Viernes,Francis Lawrence,acción,The Hunger Games: Catching Fire,22-11-13,Lionsgate,882.9,130,864.9,7.7,3.73,440.2,50.9,734.9,565.3,146,424.7,49.1
Viernes,Ron Howard,suspenso,The Da Vinci Code,19-05-06,Sony,894.4,125,758.2,6.5,3.13,540.7,71.3,633.2,506.6,149,217.5,28.7
Viernes,Christopher Nolan,acción,Inception,16-07-10,WB,900.3,160,825.5,8.8,4.16,533,64.6,665.5,415.9,148,292.6,35.4
Viernes,Andrew Adamson,aventura,"The Chronicles of Narnia: The Lion, the Witch and the Wardrobe",09-12-05,Buena Vista Studios,907.1,180,745,6.9,3.48,453.3,60.8,565,313.9,143,291.7,39.2
Martes,James Cameron,acción,Terminator 2: Judgment Day,02-07-91,TriStar,907.6,100,519.8,8.5,3.93,315,60.6,419.8,419.8,137,204.8,39.4
Viernes,"Steve Martino, Michael Thurmeier",animación,Ice Age: Continental Drift,13-07-12,Fox,908.6,95,877.2,6.7,3.21,715.9,81.6,782.2,823.4,88,161.3,18.4
Miércoles,Steven Spielberg,acción,Indiana Jones and the Last Crusade,24-05-89,Paramount Pictures,909.4,48,474.2,8.3,4.01,277,58.4,426.2,887.9,127,197.2,41.6
Jueves,Steven Spielberg,acción,The Lost World: Jurassic Park,22-05-97,Universal,916.5,75,618.6,6.5,2.96,389.6,63,543.6,724.8,129,229.1,37
Viernes,"Chris Miller, Raman Hui",animación,Shrek the Third,18-05-07,Pacific Data/DreamWorks,916.6,160,799,6,3.09,476.2,59.6,639,399.4,93,322.7,40.4
Viernes,Jerry Zucker,drama,Ghost,13-07-90,Paramount Pictures,920.1,22,505.7,7,3.45,288.1,57,483.7,2198.6,127,217.6,43
Miércoles,Michael Bay,acción,Transformers: Revenge of the Fallen,24-06-09,Pacific Data/DreamWorks,927,210,836.3,6,2.95,434.2,51.9,626.3,298.2,150,402.1,48.1
Viernes,John Badham,drama,Saturday Night Fever,16-12-77,Paramount Pictures,930.4,3.5,237.1,6.8,3.28,142.9,60.3,233.6,6674.3,118,94.2,39.7
Jueves,"Lana Wachowski, Andy Wachowski",ciencia ficción,The Matrix Reloaded,15-05-03,WB,959.1,127,742.1,7.2,3.3,460.6,62.1,615.1,484.3,138,281.6,37.9
Miércoles,Peter Jackson,aventura,The Hobbit: The Battle of the Five Armies,17-12-14,WB,959.4,250,955.1,7.5,3.43,700,73.3,705.1,282,144,255.1,26.7
Viernes,M. Night Shyamalan,drama,The Sixth Sense,06-08-99,Buena Vista Studios,960.4,40,672.8,8.2,4.06,379.3,56.4,632.8,1582,107,293.5,43.6
Viernes,Peter Jackson,aventura,The Hobbit: The Desolation of Smaug,13-12-13,WB,980.4,250,960.4,8,3.74,702,73.1,710.4,284.2,161,258.4,26.9
Miércoles,"Carlos Saldanha, Michael Thurmeier",animación,Ice Age: Dawn of the Dinosaurs,01-07-09,Fox,982.9,90,886.7,7,3.4,690.1,77.8,796.7,885.2,94,196.6,22.2
Miércoles,Sam Raimi,acción,Spider-Man 2,30-06-04,Sony,986.7,200,783.8,7.3,3.55,410.2,52.3,583.8,291.9,127,373.6,47.7
Martes,"Chris Renaud, Pierre Coffin",animación,Despicable Me 2,02-07-13,Universal,991,76,970.8,7.5,3.74,602.7,62.1,894.8,1177.4,98,368.1,37.9
Viernes,Alfonso Cuar„n,aventura,Harry Potter and the Prisoner of Azkaban,04-06-04,WB,"1,003",130,796.7,7.8,3.75,547.1,68.7,666.7,512.9,141,249.5,31.3
Viernes,Steven Spielberg,acción,Raiders of the Lost Ark,12-06-81,Paramount Pictures,"1,020",20,389.9,8.6,4.21,141.8,36.4,369.9,1849.5,115,248.2,63.6
Viernes,Sam Raimi,acción,Spider-Man 3,04-05-07,Sony,"1,022",258,890.9,6.2,3.02,554.3,62.2,632.9,245.3,139,336.5,37.8
Jueves,George Lucas,acción,Star Wars: Episode III - Revenge of the Sith,19-05-05,Fox,"1,033.50",115,848.8,7.7,3.47,468.5,55.2,733.8,638.1,140,380.3,44.8
Miércoles,David Yates,aventura,Harry Potter and the Half-Blood Prince,15-07-09,WB,"1,035.70",250,934.4,7.5,3.82,632.5,67.7,684.4,273.8,153,302,32.3
Viernes,David Yates,aventura,Harry Potter and the Deathly Hallows Part 1,19-11-10,WB,"1,047.30",125,960.3,8.1,3.89,664.3,69.2,835.3,668.2,146,296,30.8
Viernes,Peter Jackson,aventura,The Hobbit: An Unexpected Journey,14-12-12,WB,"1,053.40",250,"1,017",8,3.79,714,70.2,767,306.8,169,303,29.8
Miércoles,David Yates,aventura,Harry Potter and the Order of the Phoenix,11-07-07,WB,"1,078.20",150,939.9,7.4,3.74,647.9,68.9,789.9,526.6,138,292,31.1
Viernes,Sam Raimi,acción,Spider-Man,03-05-02,Sony,"1,086.20",139,821.7,7.3,3.57,418,50.9,682.7,491.2,121,403.7,49.1
Miércoles,Robert Zemeckis,drama,Forrest Gump,06-07-94,Paramount Pictures,"1,087.80",55,677.9,8.8,4.04,347.7,51.3,622.9,1132.6,142,330.3,48.7
Viernes,Mike Newell,aventura,Harry Potter and the Goblet of Fire,18-11-05,WB,"1,092.10",150,896.9,7.6,3.72,606.9,67.7,746.9,497.9,157,290,32.3
Viernes,Gore Verbinski,acción,Pirates of the Caribbean: At World's End,25-05-07,Buena Vista Studios,"1,105.20",300,963.4,7.1,3.4,654,67.9,663.4,221.1,169,309.4,32.1
Viernes,Rob Marshall,acción,Pirates of the Caribbean: On Stranger Tides,20-05-11,Buena Vista Studios,"1,105.50",250,"1,045.70",6.7,3.34,804.6,76.9,795.7,318.3,137,241.1,23.1
Viernes,Michael Bay,acción,Transformers: Age of Extinction,27-06-14,Paramount Pictures,"1,109",210,"1,104",5.8,2.53,858.6,77.8,894,425.7,165,245.4,22.2
Viernes,Christopher Nolan,acción,The Dark Knight,18-07-08,WB,"1,109.60",185,"1,004.60",9,4.5,469.7,46.8,819.6,443,152,534.9,53.2
Viernes,Tim Burton,aventura,Alice in Wonderland,05-03-10,Buena Vista Studios,"1,118.40",200,"1,025.50",6.5,3.27,691.3,67.4,825.5,412.8,108,334.2,32.6
Viernes,Christopher Nolan,acción,The Dark Knight Rises,20-07-12,WB,"1,123.20",275,"1,084.40",8.5,4.01,636.3,58.7,809.4,294.3,165,448.1,41.3
Miércoles,Richard Marquand,acción,Return of the Jedi,25-05-83,Fox,"1,134.30",32.5,475.1,8.4,3.99,165.8,34.9,442.6,1361.9,134,309.3,65.1
Jueves,Sam Mendes,acción,Skyfall,08-11-12,Sony,"1,148.20",200,"1,108.60",7.8,3.81,804.2,72.5,908.6,454.3,143,304.4,27.5
Miércoles,"Andrew Adamson, Kelly Asbury, Conrad Vernon",animación,Shrek 2,19-05-04,DreamWorks,"1,157.90",70,919.8,7.2,3.59,478.6,52,849.8,1214,93,441.2,48
Viernes,Lee Unkrich,animación,Toy Story 3,18-06-10,Buena Vista Studios,"1,159.50",200,"1,063.20",8.4,4.01,648.2,61,863.2,431.6,103,415,39
Viernes,Chris Columbus,aventura,Harry Potter and the Chamber of Secrets,15-11-02,WB,"1,161.90",100,879,7.3,3.58,617,70.2,779,779,161,262,29.8
Miércoles,Peter Jackson,acción,The Lord of the Rings: The Fellowship of the Ring,19-12-01,New Line Cinema,"1,170.20",109,871.5,8.8,4.14,556,63.8,762.5,699.5,178,315.5,36.2
Miércoles,Michael Bay,acción,Transformers: Dark of the Moon,29-06-11,Pacific Data/DreamWorks,"1,188.10",195,"1,123.80",6.3,2.97,771.4,68.6,928.8,476.3,157,352.4,31.4
Miércoles,Steven Spielberg,drama,Close Encounters of the Third Kind,16-11-77,Colombia Pictures,"1,192.20",20,303.8,7.7,3.78,171.7,56.5,283.8,1419,132,132.1,43.5
Viernes,"Andrew Stanton, Lee Unkrich",animación,Finding Nemo,30-05-03,Buena Vista Studios,"1,210.60",94,936.7,8.2,3.89,555.9,59.3,842.7,896.5,100,380.8,40.7
Miércoles,Peter Jackson,acción,The Lord of the Rings: The Two Towers,18-12-02,New Line Cinema,"1,224.10",94,926,8.7,4.1,583.5,63,832,885.1,179,342.6,37
Miércoles,Roland Emmerich,acción,Independence Day,03-07-96,Fox,"1,238.90",75,817.4,6.9,3.4,511.2,62.5,742.4,989.9,145,306.2,37.5
Viernes,Shane Black,acción,Iron Man 3,03-05-13,Buena Vista Studios,"1,240.70",200,"1,215.40",7.3,3.68,806.4,66.3,"1,015.40",507.7,130,409,33.7
Viernes,Colin Trevorrow,acción,Jurassic World,12-06-15,Universal,"1,245.90",215,"1,245.90",7.5,3.45,745.5,59.8,"1,030.90",479.5,124,500.4,40.2
Viernes,Gore Verbinski,acción,Pirates of the Caribbean: Dead Man's Chest,07-07-06,Buena Vista Studios,"1,257.70",225,"1,066.20",7.3,3.47,642.9,60.3,841.2,373.9,151,423.3,39.7
Viernes,"Chris Buck, Jennifer Lee",animación,Frozen,22-11-13,Buena Vista Studios,"1,300.70",150,"1,274.20",7.7,3.71,873.5,68.6,"1,124.20",749.5,102,400.7,31.4
Viernes,Chris Columbus,aventura,Harry Potter and the Sorcerer's Stone,16-11-01,WB,"1,308.90",125,974.8,7.5,3.62,657.2,67.4,849.8,679.8,152,317.6,32.6
Viernes,Joss Whedon,acción,Avengers: Age of Ultron,01-05-15,Buena Vista Studios,"1,371.60",250,"1,371.60",7.9,3.75,919.1,67,"1,121.60",448.6,141,452.5,33
Miércoles,Francis Ford Coppola,crimen,The Godfather,15-03-72,Paramount Pictures,"1,394.40",7,245.1,9.2,4.36,110.1,44.9,238.1,3401.4,175,135,55.1
Viernes,David Yates,fantasía,Harry Potter and the Deathly Hallows Part 2,15-07-11,WB,"1,418.20",125,"1,341.50",8.1,3.96,960.5,71.6,"1,216.50",973.2,130,381,28.4
Viernes,Randal Kleiser,musical,Grease,16-06-78,Paramount Pictures,"1,440.70",6,395,7.2,3.31,206.2,52.2,389,6483.3,110,188.8,47.8
Miércoles,Peter Jackson,fantasía,The Lord of the Rings: The Return of the King,17-12-03,New Line Cinema,"1,447.40",94,"1,119.90",8.9,4.14,742.1,66.3,"1,025.90",1091.4,201,377.8,33.7
Miércoles,George Lucas,ciencia ficción,Star Wars: Episode I - The Phantom Menace,19-05-99,Fox,"1,465.90",115,"1,027",6.6,3.1,552.5,53.8,912,793,136,474.5,46.2
Viernes,James Wan,acción,Furious 7,03-04-15,Universal,"1,511.60",190,"1,511.60",7.6,3.34,"1,160.60",76.8,"1,321.60",695.6,137,351,23.2
Miércoles,Irvin Kershner,ciencia ficción,The Empire Strikes Back,21-05-80,Fox,"1,553.80",23,538.4,8.8,4.18,247.9,46,515.4,2240.9,124,290.5,54
Viernes,Joss Whedon,acción,Marvel's The Avengers,04-05-12,Buena Vista Studios,"1,572.90",220,"1,518.60",8.2,3.95,895.2,59,"1,298.60",590.3,143,623.4,41
Miércoles,"Roger Allers, Rob Minkoff",animación,The Lion King,15-06-94,Buena Vista Studios,"1,584.60",79.3,987.5,8.5,3.78,564.7,57.2,908.2,1145.3,89,422.8,42.8
Viernes,Steven Spielberg,aventura,Jurassic Park,11-06-93,Universal,"1,693.80",63,"1,029.20",8.1,3.66,626.7,60.9,966.2,1533.7,127,402.5,39.1
Miércoles,"Wolfgang Reitherman, Clyde Geronimi, Hamilton Luske",animación,101 Dalmatians,25-01-61,Disney,"1,717.10",75,215.9,6.4,3.42,71,32.9,140.9,187.9,79,144.9,67.1
Viernes,Steven Spielberg,aventura,E.T.: The Extra-Terrestrial,11-06-82,Universal,"1,953.90",10.5,792.9,7.9,3.76,357.8,45.1,782.4,7451.4,115,435.1,54.9
Viernes,Steven Spielberg,suspenso,Jaws,20-06-75,Universal,"2,080.60",12,470.7,8.1,3.81,210.7,44.8,458.7,3822.5,124,260,55.2
Martes,Richard Fleischer,aventura,Doctor Dolittle,19-12-67,Fox,"2,096.80",70.5,294.5,5.3,3.01,150.3,51,224,317.7,152,144.2,49
Miércoles,William Friedkin,terror,The Exorcist,26-12-73,WB,"2,363.60",12,441.3,6.9,3.39,208.4,47.2,429.3,3577.5,122,232.9,52.8
Miércoles,George Lucas,acción,Star Wars,25-05-77,Fox,"3,042.80",11,775.4,8.7,4.19,314.4,40.5,764.4,6949.1,121,461,59.5
Viernes,James Cameron,ciencia ficción,Avatar,18-12-09,Fox,"3,090.40",237,"2,788",7.9,3.78,"2,027.50",72.7,"2,551",1076.4,162,760.5,27.3
Miércoles,James Cameron,drama,Titanic,17-12-97,Paramount Pictures,"3,240.10",200,"2,186.80",7.7,3.38,"1,528.10",69.9,"1,986.80",993.4,194,658.7,30.1
Viernes,"George Cukor, Victor Fleming, Sam Wood",drama,Gone with the Wind,15-12-39,MGM,"6,846.70",3.9,400.2,8.2,3.83,201.5,50.4,396.3,10161.5,238,198.7,49.6
